rate_hz,material,update_hz,move_ms,ramp_ms,ramp_samples,splatter_db,ideal_splatter_db,hf_splatter_db,ideal_hf_splatter_db,oob_db,ideal_oob_db,ctr_max_db,ideal_ctr_max_db,ripple_rms_db,ripple_peak_db,lag_ms,added_lag_ms,settle_0p5db_ms,settle_0p1db_ms
44100,bass,30,800,0,0,-44.76,-81.51,37.52,-35.22,-57.00,-101.38,41.86,-5.82,0.290,0.535,18.16,0.00,2.72,2.72
44100,bass,30,800,2,88,-47.38,-81.51,10.84,-35.22,-83.61,-101.38,13.65,-5.82,0.273,0.506,19.16,1.00,3.67,4.49
44100,bass,30,800,5,221,-51.57,-81.51,2.75,-35.22,-91.35,-101.38,4.66,-5.82,0.247,0.463,20.66,2.50,5.15,7.19
44100,bass,30,800,10,441,-60.58,-81.51,-3.10,-35.22,-96.16,-101.38,-0.34,-5.82,0.204,0.388,23.16,5.00,7.57,11.66
44100,bass,30,800,15,662,-63.32,-81.51,-6.82,-35.22,-98.41,-101.38,-5.34,-5.82,0.161,0.313,25.66,7.50,10.00,16.15
44100,bass,30,800,20,882,-65.71,-81.51,-9.09,-35.22,-99.37,-101.38,-6.32,-5.82,0.119,0.238,28.16,10.00,12.43,20.61
44100,bass,30,800,30,1323,-69.02,-81.51,-13.56,-35.22,-100.64,-101.38,-6.45,-5.82,0.039,0.088,33.16,15.00,17.28,29.55
44100,bass,30,800,40,1764,-81.05,-81.51,-25.74,-35.22,-101.42,-101.38,-6.84,-5.82,0.028,0.051,41.32,23.16,24.65,39.02
44100,bass,30,800,50,2205,-81.90,-81.51,-26.09,-35.22,-101.44,-101.38,-7.11,-5.82,0.056,0.091,51.18,33.02,34.24,48.93
44100,bass,30,200,0,0,-33.84,-64.31,49.41,-17.99,-45.08,-100.02,49.47,-5.45,1.157,2.117,18.07,0.00,1.09,1.09
44100,bass,30,200,2,88,-36.52,-64.31,21.90,-17.99,-72.58,-100.02,21.02,-5.45,1.109,2.002,19.07,1.00,2.77,3.02
44100,bass,30,200,5,221,-40.75,-64.31,13.86,-17.99,-80.58,-100.02,12.31,-5.45,1.011,1.828,20.57,2.50,5.33,5.94
44100,bass,30,200,10,441,-49.25,-64.31,8.32,-17.99,-86.00,-100.02,6.68,-5.45,0.841,1.528,23.07,5.00,9.57,10.77
44100,bass,30,200,15,662,-52.15,-64.31,4.65,-17.99,-89.46,-100.02,2.58,-5.45,0.670,1.228,25.57,7.50,13.81,15.62
44100,bass,30,200,20,882,-55.20,-64.31,1.85,-17.99,-91.94,-100.02,-0.40,-5.45,0.503,0.928,28.07,10.00,18.05,20.45
44100,bass,30,200,30,1323,-58.25,-64.31,-0.60,-17.99,-93.88,-100.02,0.74,-5.45,0.205,0.328,33.07,15.00,26.53,30.14
44100,bass,30,200,40,1764,-64.11,-64.31,-10.67,-17.99,-99.01,-100.02,-5.45,-5.45,0.338,0.517,41.16,23.09,35.76,40.00
44100,bass,30,200,50,2205,-66.64,-64.31,-12.38,-17.99,-99.35,-100.02,-5.29,-5.45,0.734,1.072,50.95,32.89,45.17,49.86
44100,bass,60,800,0,0,-48.56,-81.51,33.99,-35.22,-60.53,-101.38,35.59,-5.82,0.146,0.293,9.80,0.00,2.72,2.72
44100,bass,60,800,2,88,-51.15,-81.51,7.73,-35.22,-86.65,-101.38,7.63,-5.82,0.129,0.264,10.80,1.00,2.72,4.29
44100,bass,60,800,5,221,-55.87,-81.51,-0.86,-35.22,-94.45,-101.38,-0.66,-5.82,0.104,0.219,12.30,2.50,2.72,6.69
44100,bass,60,800,10,441,-62.94,-81.51,-6.31,-35.22,-98.17,-101.38,-4.80,-5.82,0.063,0.144,14.80,5.00,2.72,10.66
44100,bass,60,800,15,662,-68.87,-81.51,-11.41,-35.22,-100.15,-101.38,-5.88,-5.82,0.028,0.071,17.36,7.57,2.72,14.65
44100,bass,60,800,20,882,-80.02,-81.51,-28.89,-35.22,-101.40,-101.38,-6.26,-5.82,0.017,0.042,21.36,11.57,5.15,19.12
44100,bass,60,800,30,1323,-82.51,-81.51,-30.79,-35.22,-101.43,-101.38,-6.54,-5.82,0.026,0.053,31.27,21.48,14.69,29.02
44100,bass,60,800,40,1764,-83.15,-81.51,-27.20,-35.22,-101.43,-101.38,-6.81,-5.82,0.053,0.087,41.14,31.34,24.24,38.93
44100,bass,60,800,50,2205,-83.64,-81.51,-27.35,-35.22,-101.44,-101.38,-7.08,-5.82,0.091,0.159,51.00,41.20,33.76,48.84
44100,bass,60,200,0,0,-37.86,-64.31,45.25,-17.99,-49.24,-100.02,42.39,-5.45,0.584,1.143,9.73,0.00,1.09,1.09
44100,bass,60,200,2,88,-40.69,-64.31,18.13,-17.99,-76.34,-100.02,15.95,-5.45,0.516,1.023,10.73,1.00,2.54,2.97
44100,bass,60,200,5,221,-45.09,-64.31,10.20,-17.99,-84.18,-100.02,7.25,-5.45,0.414,0.843,12.23,2.50,4.72,5.80
44100,bass,60,200,10,441,-51.98,-64.31,5.05,-17.99,-89.08,-100.02,2.27,-5.45,0.249,0.543,14.73,5.00,8.37,10.52
44100,bass,60,200,15,662,-57.63,-64.31,-0.65,-17.99,-93.97,-100.02,-1.74,-5.45,0.109,0.247,17.30,7.57,12.00,15.26
44100,bass,60,200,20,882,-64.51,-64.31,-13.31,-17.99,-99.52,-100.02,-5.45,-5.45,0.117,0.211,21.27,11.55,16.26,20.09
44100,bass,60,200,30,1323,-63.77,-64.31,-5.51,-17.99,-97.00,-100.02,-0.47,-5.45,0.369,0.523,31.11,21.39,25.78,30.00
44100,bass,60,200,40,1764,-66.59,-64.31,-14.49,-17.99,-99.64,-100.02,-5.45,-5.45,0.732,1.082,40.93,31.20,35.24,39.89
44100,bass,60,200,50,2205,-69.26,-64.31,-15.55,-17.99,-99.75,-100.02,-5.33,-5.45,1.137,1.785,50.57,40.84,44.67,49.77
44100,kick,30,800,0,0,-44.03,-83.81,-14.70,-82.63,-47.45,-48.42,62.50,61.98,0.290,0.535,18.16,0.00,2.72,2.72
44100,kick,30,800,2,88,-47.11,-83.81,-42.08,-82.63,-48.16,-48.42,62.50,61.98,0.273,0.506,19.16,1.00,3.67,4.49
44100,kick,30,800,5,221,-48.93,-83.81,-48.27,-82.63,-48.16,-48.42,62.50,61.98,0.247,0.463,20.66,2.50,5.15,7.19
44100,kick,30,800,10,441,-55.37,-83.81,-56.00,-82.63,-48.16,-48.42,62.50,61.98,0.204,0.388,23.16,5.00,7.57,11.66
44100,kick,30,800,15,662,-62.33,-83.81,-59.06,-82.63,-48.17,-48.42,62.50,61.98,0.161,0.313,25.66,7.50,10.00,16.15
44100,kick,30,800,20,882,-62.97,-83.81,-59.96,-82.63,-48.04,-48.42,62.73,61.98,0.119,0.238,28.16,10.00,12.43,20.61
44100,kick,30,800,30,1323,-65.80,-83.81,-64.10,-82.63,-47.87,-48.42,62.99,61.98,0.039,0.088,33.16,15.00,17.28,29.55
44100,kick,30,800,40,1764,-82.81,-83.81,-79.73,-82.63,-47.81,-48.42,63.12,61.98,0.028,0.051,41.32,23.16,24.65,39.02
44100,kick,30,800,50,2205,-83.01,-83.81,-79.26,-82.63,-47.78,-48.42,63.20,61.98,0.056,0.091,51.18,33.02,34.24,48.93
44100,kick,30,200,0,0,-31.45,-60.36,-2.35,-55.18,-41.26,-47.74,59.50,57.42,1.157,2.117,18.07,0.00,1.09,1.09
44100,kick,30,200,2,88,-34.37,-60.36,-30.99,-55.18,-47.07,-47.74,59.50,57.42,1.109,2.002,19.07,1.00,2.77,3.02
44100,kick,30,200,5,221,-36.46,-60.36,-35.90,-55.18,-47.10,-47.74,59.50,57.42,1.011,1.828,20.57,2.50,5.33,5.94
44100,kick,30,200,10,441,-44.04,-60.36,-44.50,-55.18,-47.11,-47.74,59.50,57.42,0.841,1.528,23.07,5.00,9.57,10.77
44100,kick,30,200,15,662,-49.67,-60.36,-46.11,-55.18,-47.11,-47.74,59.50,57.42,0.670,1.228,25.57,7.50,13.81,15.62
44100,kick,30,200,20,882,-50.50,-60.36,-48.44,-55.18,-46.39,-47.74,60.55,57.42,0.503,0.928,28.07,10.00,18.05,20.45
44100,kick,30,200,30,1323,-53.92,-60.36,-53.04,-55.18,-45.61,-47.74,61.65,57.42,0.205,0.328,33.07,15.00,26.53,30.14
44100,kick,30,200,40,1764,-64.97,-60.36,-63.91,-55.18,-45.26,-47.74,62.15,57.42,0.338,0.517,41.16,23.09,35.76,40.00
44100,kick,30,200,50,2205,-66.01,-60.36,-65.37,-55.18,-45.06,-47.74,62.44,57.42,0.734,1.072,50.95,32.89,45.17,49.86
44100,kick,60,800,0,0,-45.85,-83.81,-16.31,-82.63,-47.61,-48.42,62.63,61.98,0.146,0.293,9.80,0.00,2.72,2.72
44100,kick,60,800,2,88,-47.98,-83.81,-43.43,-82.63,-48.15,-48.42,62.50,61.98,0.129,0.264,10.80,1.00,2.72,4.29
44100,kick,60,800,5,221,-50.44,-83.81,-51.17,-82.63,-48.16,-48.42,62.50,61.98,0.104,0.219,12.30,2.50,2.72,6.69
44100,kick,60,800,10,441,-55.48,-83.81,-57.78,-82.63,-48.16,-48.42,62.50,61.98,0.063,0.144,14.80,5.00,2.72,10.66
44100,kick,60,800,15,662,-65.73,-83.81,-62.44,-82.63,-48.17,-48.42,62.50,61.98,0.028,0.071,17.36,7.57,2.72,14.65
44100,kick,60,800,20,882,-82.88,-83.81,-80.99,-82.63,-48.10,-48.42,62.63,61.98,0.017,0.042,21.36,11.57,5.15,19.12
44100,kick,60,800,30,1323,-83.75,-83.81,-81.14,-82.63,-47.98,-48.42,62.85,61.98,0.026,0.053,31.27,21.48,14.69,29.02
44100,kick,60,800,40,1764,-83.83,-83.81,-80.05,-82.63,-47.91,-48.42,62.99,61.98,0.053,0.087,41.14,31.34,24.24,38.93
44100,kick,60,800,50,2205,-84.12,-83.81,-79.65,-82.63,-47.88,-48.42,63.08,61.98,0.091,0.159,51.00,41.20,33.76,48.84
44100,kick,60,200,0,0,-34.63,-60.36,-5.54,-55.18,-43.37,-47.74,60.21,57.42,0.584,1.143,9.73,0.00,1.09,1.09
44100,kick,60,200,2,88,-36.55,-60.36,-33.35,-55.18,-47.07,-47.74,59.51,57.42,0.516,1.023,10.73,1.00,2.54,2.97
44100,kick,60,200,5,221,-39.32,-60.36,-40.02,-55.18,-47.10,-47.74,59.51,57.42,0.414,0.843,12.23,2.50,4.72,5.80
44100,kick,60,200,10,441,-44.59,-60.36,-47.39,-55.18,-47.11,-47.74,59.50,57.42,0.249,0.543,14.73,5.00,8.37,10.52
44100,kick,60,200,15,662,-54.06,-60.36,-49.60,-55.18,-47.11,-47.74,59.50,57.42,0.109,0.247,17.30,7.57,12.00,15.26
44100,kick,60,200,20,882,-62.99,-60.36,-66.11,-55.18,-46.75,-47.74,60.06,57.42,0.117,0.211,21.27,11.55,16.26,20.09
44100,kick,60,200,30,1323,-65.69,-60.36,-66.09,-55.18,-46.13,-47.74,61.01,57.42,0.369,0.523,31.11,21.39,25.78,30.00
44100,kick,60,200,40,1764,-67.36,-60.36,-66.91,-55.18,-45.75,-47.74,61.58,57.42,0.732,1.082,40.93,31.20,35.24,39.89
44100,kick,60,200,50,2205,-68.08,-60.36,-68.21,-55.18,-45.50,-47.74,61.94,57.42,1.137,1.785,50.57,40.84,44.67,49.77
44100,mix,30,800,0,0,-45.96,-79.69,-47.49,-103.80,,,,,0.290,0.535,18.16,0.00,2.72,2.72
44100,mix,30,800,2,88,-48.30,-79.69,-65.26,-103.80,,,,,0.273,0.506,19.16,1.00,3.67,4.49
44100,mix,30,800,5,221,-51.01,-79.69,-75.62,-103.80,,,,,0.247,0.463,20.66,2.50,5.15,7.19
44100,mix,30,800,10,441,-58.03,-79.69,-81.08,-103.80,,,,,0.204,0.388,23.16,5.00,7.57,11.66
44100,mix,30,800,15,662,-63.83,-79.69,-84.36,-103.80,,,,,0.161,0.313,25.66,7.50,10.00,16.15
44100,mix,30,800,20,882,-65.71,-79.69,-86.32,-103.80,,,,,0.119,0.238,28.16,10.00,12.43,20.61
44100,mix,30,800,30,1323,-68.36,-79.69,-89.83,-103.80,,,,,0.039,0.088,33.16,15.00,17.28,29.55
44100,mix,30,800,40,1764,-80.77,-79.69,-104.43,-103.80,,,,,0.028,0.051,41.32,23.16,24.65,39.02
44100,mix,30,800,50,2205,-76.80,-79.69,-103.07,-103.80,,,,,0.056,0.091,51.18,33.02,34.24,48.93
44100,mix,30,200,0,0,-35.70,-61.69,-34.85,-82.11,,,,,1.157,2.117,18.07,0.00,1.09,1.09
44100,mix,30,200,2,88,-37.33,-61.69,-54.41,-82.11,,,,,1.109,2.002,19.07,1.00,2.77,3.02
44100,mix,30,200,5,221,-40.60,-61.69,-64.50,-82.11,,,,,1.011,1.828,20.57,2.50,5.33,5.94
44100,mix,30,200,10,441,-48.43,-61.69,-70.25,-82.11,,,,,0.841,1.528,23.07,5.00,9.57,10.77
44100,mix,30,200,15,662,-53.12,-61.69,-73.41,-82.11,,,,,0.670,1.228,25.57,7.50,13.81,15.62
44100,mix,30,200,20,882,-55.35,-61.69,-77.00,-82.11,,,,,0.503,0.928,28.07,10.00,18.05,20.45
44100,mix,30,200,30,1323,-59.52,-61.69,-79.65,-82.11,,,,,0.205,0.328,33.07,15.00,26.53,30.14
44100,mix,30,200,40,1764,-64.64,-61.69,-85.05,-82.11,,,,,0.338,0.517,41.16,23.09,35.76,40.00
44100,mix,30,200,50,2205,-66.88,-61.69,-89.15,-82.11,,,,,0.734,1.072,50.95,32.89,45.17,49.86
44100,mix,60,800,0,0,-47.65,-79.69,-49.16,-103.80,,,,,0.146,0.293,9.80,0.00,2.72,2.72
44100,mix,60,800,2,88,-49.89,-79.69,-67.66,-103.80,,,,,0.129,0.264,10.80,1.00,2.72,4.29
44100,mix,60,800,5,221,-52.87,-79.69,-77.86,-103.80,,,,,0.104,0.219,12.30,2.50,2.72,6.69
44100,mix,60,800,10,441,-58.30,-79.69,-83.40,-103.80,,,,,0.063,0.144,14.80,5.00,2.72,10.66
44100,mix,60,800,15,662,-67.45,-79.69,-87.23,-103.80,,,,,0.028,0.071,17.36,7.57,2.72,14.65
44100,mix,60,800,20,882,-79.26,-79.69,-103.63,-103.80,,,,,0.017,0.042,21.36,11.57,5.15,19.12
44100,mix,60,800,30,1323,-81.43,-79.69,-106.57,-103.80,,,,,0.026,0.053,31.27,21.48,14.69,29.02
44100,mix,60,800,40,1764,-81.67,-79.69,-105.32,-103.80,,,,,0.053,0.087,41.14,31.34,24.24,38.93
44100,mix,60,800,50,2205,-77.19,-79.69,-103.61,-103.80,,,,,0.091,0.159,51.00,41.20,33.76,48.84
44100,mix,60,200,0,0,-35.79,-61.69,-34.73,-82.11,,,,,0.584,1.143,9.73,0.00,1.09,1.09
44100,mix,60,200,2,88,-38.26,-61.69,-57.00,-82.11,,,,,0.516,1.023,10.73,1.00,2.54,2.97
44100,mix,60,200,5,221,-42.38,-61.69,-67.31,-82.11,,,,,0.414,0.843,12.23,2.50,4.72,5.80
44100,mix,60,200,10,441,-48.44,-61.69,-72.87,-82.11,,,,,0.249,0.543,14.73,5.00,8.37,10.52
44100,mix,60,200,15,662,-56.52,-61.69,-76.58,-82.11,,,,,0.109,0.247,17.30,7.57,12.00,15.26
44100,mix,60,200,20,882,-62.87,-61.69,-86.19,-82.11,,,,,0.117,0.211,21.27,11.55,16.26,20.09
44100,mix,60,200,30,1323,-65.28,-61.69,-86.58,-82.11,,,,,0.369,0.523,31.11,21.39,25.78,30.00
44100,mix,60,200,40,1764,-65.81,-61.69,-86.51,-82.11,,,,,0.732,1.082,40.93,31.20,35.24,39.89
44100,mix,60,200,50,2205,-68.00,-61.69,-90.97,-82.11,,,,,1.137,1.785,50.57,40.84,44.67,49.77
48000,bass,30,800,0,0,-45.05,-81.59,37.82,-35.38,-56.60,-101.28,41.96,-5.72,0.290,0.555,17.48,0.00,0.00,0.00
48000,bass,30,800,2,96,-47.43,-81.59,10.94,-35.38,-83.41,-101.28,13.74,-5.72,0.273,0.525,18.48,1.00,0.96,1.77
48000,bass,30,800,5,240,-51.88,-81.59,2.11,-35.38,-91.79,-101.28,4.57,-5.72,0.247,0.480,19.98,2.50,2.42,4.46
48000,bass,30,800,10,480,-61.47,-81.59,-3.77,-35.38,-96.46,-101.28,-1.77,-5.72,0.204,0.405,22.48,5.00,4.85,8.94
48000,bass,30,800,15,720,-63.26,-81.59,-5.93,-35.38,-97.78,-101.28,-4.49,-5.72,0.162,0.330,24.98,7.50,7.27,13.42
48000,bass,30,800,20,960,-66.14,-81.59,-8.54,-35.38,-99.03,-101.28,-5.72,-5.72,0.119,0.255,27.48,10.00,9.71,17.88
48000,bass,30,800,30,1440,-69.14,-81.59,-12.71,-35.38,-100.27,-101.28,-5.73,-5.72,0.041,0.105,32.48,15.00,14.56,26.83
48000,bass,30,800,40,1920,-80.54,-81.59,-26.32,-35.38,-101.25,-101.28,-5.89,-5.72,0.033,0.072,40.67,23.19,22.90,36.50
48000,bass,30,800,50,2400,-80.36,-81.59,-22.88,-35.38,-101.21,-101.28,-5.93,-5.72,0.060,0.105,50.54,33.06,32.23,46.35
48000,bass,30,200,0,0,-34.87,-64.42,47.79,-18.31,-46.43,-99.48,49.57,-5.14,1.161,2.187,17.75,0.00,0.00,0.00
48000,bass,30,200,2,96,-37.44,-64.42,20.28,-18.31,-73.93,-99.48,21.33,-5.14,1.097,2.067,18.75,1.00,1.69,1.94
48000,bass,30,200,5,240,-40.83,-64.42,12.16,-18.31,-81.97,-99.48,12.08,-5.14,0.991,1.887,20.25,2.50,4.23,4.83
48000,bass,30,200,10,480,-49.45,-64.42,6.98,-18.31,-86.99,-99.48,7.34,-5.14,0.821,1.587,22.75,5.00,8.48,9.69
48000,bass,30,200,15,720,-52.14,-64.42,5.03,-18.31,-88.82,-99.48,6.18,-5.14,0.655,1.287,25.25,7.50,12.71,14.52
48000,bass,30,200,20,960,-55.43,-64.42,0.81,-18.31,-92.46,-99.48,-0.32,-5.14,0.494,0.987,27.75,10.00,16.96,19.37
48000,bass,30,200,30,1440,-58.47,-64.42,-1.72,-18.31,-94.38,-99.48,0.00,-5.14,0.240,0.448,32.75,15.00,25.44,29.06
48000,bass,30,200,40,1920,-64.41,-64.42,-10.56,-18.31,-98.51,-99.48,-5.14,-5.14,0.390,0.647,40.90,23.15,34.67,38.90
48000,bass,30,200,50,2400,-65.08,-64.42,-8.23,-18.31,-97.80,-99.48,-3.83,-5.14,0.783,1.201,50.69,32.94,44.08,48.77
48000,bass,60,800,0,0,-47.98,-81.59,34.97,-35.38,-59.45,-101.28,36.37,-5.72,0.146,0.298,9.40,0.00,0.00,0.00
48000,bass,60,800,2,96,-51.30,-81.59,7.46,-35.38,-86.79,-101.28,7.51,-5.72,0.129,0.268,10.40,1.00,0.00,1.58
48000,bass,60,800,5,240,-56.27,-81.59,-0.02,-35.38,-93.61,-101.28,-1.49,-5.72,0.104,0.223,11.90,2.50,0.00,3.96
48000,bass,60,800,10,480,-63.25,-81.59,-6.20,-35.38,-97.92,-101.28,-5.45,-5.72,0.063,0.148,14.40,5.00,0.00,7.94
48000,bass,60,800,15,720,-69.94,-81.59,-9.25,-35.38,-99.30,-101.28,-5.72,-5.72,0.028,0.073,16.90,7.50,0.00,11.92
48000,bass,60,800,20,960,-81.64,-81.59,-26.46,-35.38,-101.26,-101.28,-5.72,-5.72,0.018,0.042,21.00,11.60,3.75,16.67
48000,bass,60,800,30,1440,-79.89,-81.59,-21.74,-35.38,-101.16,-101.28,-5.75,-5.72,0.028,0.055,30.90,21.50,13.08,26.52
48000,bass,60,800,40,1920,-82.31,-81.59,-28.60,-35.38,-101.28,-101.28,-5.90,-5.72,0.055,0.098,40.75,31.35,22.44,36.40
48000,bass,60,800,50,2400,-81.63,-81.59,-23.80,-35.38,-101.23,-101.28,-5.99,-5.72,0.093,0.162,50.60,41.21,31.79,46.25
48000,bass,60,200,0,0,-38.14,-64.42,44.03,-18.31,-50.18,-99.48,42.49,-5.14,0.588,1.173,9.54,0.00,0.00,0.00
48000,bass,60,200,2,96,-40.99,-64.42,16.57,-18.31,-77.62,-99.48,14.26,-5.14,0.520,1.053,10.54,1.00,1.44,1.87
48000,bass,60,200,5,240,-44.98,-64.42,9.92,-18.31,-84.17,-99.48,7.31,-5.14,0.419,0.873,12.04,2.50,3.62,4.71
48000,bass,60,200,10,480,-51.21,-64.42,4.29,-18.31,-89.49,-99.48,3.24,-5.14,0.258,0.573,14.54,5.00,7.27,9.44
48000,bass,60,200,15,720,-59.11,-64.42,0.92,-18.31,-92.39,-99.48,-0.19,-5.14,0.131,0.273,17.04,7.50,10.92,14.15
48000,bass,60,200,20,960,-64.95,-64.42,-10.22,-18.31,-98.41,-99.48,-4.35,-5.14,0.119,0.237,21.12,11.58,15.42,19.04
48000,bass,60,200,30,1440,-64.15,-64.42,-6.07,-18.31,-96.99,-99.48,-1.03,-5.14,0.368,0.561,30.94,21.40,24.83,28.94
48000,bass,60,200,40,1920,-66.85,-64.42,-13.42,-18.31,-99.09,-99.48,-5.14,-5.14,0.736,1.125,40.73,31.19,34.27,38.81
48000,bass,60,200,50,2400,-66.96,-64.42,-9.40,-18.31,-98.21,-99.48,-3.93,-5.14,1.142,1.777,50.38,40.83,43.69,48.71
48000,kick,30,800,0,0,-43.27,-84.10,-12.76,-81.61,-48.18,-49.58,61.10,60.58,0.290,0.555,17.48,0.00,0.00,0.00
48000,kick,30,800,2,96,-46.75,-84.10,-40.97,-81.61,-49.24,-49.58,61.10,60.58,0.273,0.525,18.48,1.00,0.96,1.77
48000,kick,30,800,5,240,-49.18,-84.10,-47.54,-81.61,-49.24,-49.58,61.10,60.58,0.247,0.480,19.98,2.50,2.42,4.46
48000,kick,30,800,10,480,-55.27,-84.10,-54.05,-81.61,-49.24,-49.58,61.10,60.58,0.204,0.405,22.48,5.00,4.85,8.94
48000,kick,30,800,15,720,-62.43,-84.10,-57.92,-81.61,-49.24,-49.58,61.10,60.58,0.162,0.330,24.98,7.50,7.27,13.42
48000,kick,30,800,20,960,-62.86,-84.10,-58.79,-81.61,-49.09,-49.58,61.31,60.58,0.119,0.255,27.48,10.00,9.71,17.88
48000,kick,30,800,30,1440,-65.42,-84.10,-62.31,-81.61,-48.89,-49.58,61.58,60.58,0.041,0.105,32.48,15.00,14.56,26.83
48000,kick,30,800,40,1920,-82.37,-84.10,-78.06,-81.61,-48.80,-49.58,61.71,60.58,0.033,0.072,40.67,23.19,22.90,36.50
48000,kick,30,800,50,2400,-83.73,-84.10,-79.80,-81.61,-48.76,-49.58,61.79,60.58,0.060,0.105,50.54,33.06,32.23,46.35
48000,kick,30,200,0,0,-30.25,-60.49,-0.54,-55.20,-39.93,-47.87,59.66,56.03,1.161,2.187,17.75,0.00,0.00,0.00
48000,kick,30,200,2,96,-34.12,-60.49,-29.40,-55.20,-47.44,-47.87,58.10,56.03,1.097,2.067,18.75,1.00,1.69,1.94
48000,kick,30,200,5,240,-36.60,-60.49,-35.81,-55.20,-47.48,-47.87,58.10,56.03,0.991,1.887,20.25,2.50,4.23,4.83
48000,kick,30,200,10,480,-43.98,-60.49,-42.93,-55.20,-47.49,-47.87,58.10,56.03,0.821,1.587,22.75,5.00,8.48,9.69
48000,kick,30,200,15,720,-49.82,-60.49,-45.68,-55.20,-47.49,-47.87,58.10,56.03,0.655,1.287,25.25,7.50,12.71,14.52
48000,kick,30,200,20,960,-50.55,-60.49,-48.15,-55.20,-46.90,-47.87,59.08,56.03,0.494,0.987,27.75,10.00,16.96,19.37
48000,kick,30,200,30,1440,-53.47,-60.49,-51.69,-55.20,-46.19,-47.87,60.20,56.03,0.240,0.448,32.75,15.00,25.44,29.06
48000,kick,30,200,40,1920,-64.92,-60.49,-63.44,-55.20,-45.88,-47.87,60.72,56.03,0.390,0.647,40.90,23.15,34.67,38.90
48000,kick,30,200,50,2400,-65.89,-60.49,-64.59,-55.20,-45.70,-47.87,61.01,56.03,0.783,1.201,50.69,32.94,44.08,48.77
48000,kick,60,800,0,0,-45.49,-84.10,-15.13,-81.61,-48.74,-49.58,60.72,60.58,0.146,0.298,9.40,0.00,0.00,0.00
48000,kick,60,800,2,96,-48.05,-84.10,-42.84,-81.61,-49.28,-49.58,61.08,60.58,0.129,0.268,10.40,1.00,0.00,1.58
48000,kick,60,800,5,240,-50.45,-84.10,-50.06,-81.61,-49.26,-49.58,61.09,60.58,0.104,0.223,11.90,2.50,0.00,3.96
48000,kick,60,800,10,480,-55.60,-84.10,-56.73,-81.61,-49.25,-49.58,61.09,60.58,0.063,0.148,14.40,5.00,0.00,7.94
48000,kick,60,800,15,720,-66.42,-84.10,-59.41,-81.61,-49.25,-49.58,61.09,60.58,0.028,0.073,16.90,7.50,0.00,11.92
48000,kick,60,800,20,960,-81.47,-84.10,-76.38,-81.61,-49.15,-49.58,61.22,60.58,0.018,0.042,21.00,11.60,3.75,16.67
48000,kick,60,800,30,1440,-82.37,-84.10,-77.44,-81.61,-49.00,-49.58,61.45,60.58,0.028,0.055,30.90,21.50,13.08,26.52
48000,kick,60,800,40,1920,-83.34,-84.10,-78.28,-81.61,-48.91,-49.58,61.59,60.58,0.055,0.098,40.75,31.35,22.44,36.40
48000,kick,60,800,50,2400,-84.85,-84.10,-80.42,-81.61,-48.85,-49.58,61.68,60.58,0.093,0.162,50.60,41.21,31.79,46.25
48000,kick,60,200,0,0,-33.80,-60.49,-4.41,-55.20,-42.93,-47.87,56.66,56.03,0.588,1.173,9.54,0.00,0.00,0.00
48000,kick,60,200,2,96,-36.88,-60.49,-32.82,-55.20,-47.57,-47.87,58.03,56.03,0.520,1.053,10.54,1.00,1.44,1.87
48000,kick,60,200,5,240,-39.16,-60.49,-39.55,-55.20,-47.53,-47.87,58.07,56.03,0.419,0.873,12.04,2.50,3.62,4.71
48000,kick,60,200,10,480,-44.64,-60.49,-46.71,-55.20,-47.51,-47.87,58.08,56.03,0.258,0.573,14.54,5.00,7.27,9.44
48000,kick,60,200,15,720,-55.22,-60.49,-48.33,-55.20,-47.51,-47.87,58.09,56.03,0.131,0.273,17.04,7.50,10.92,14.15
48000,kick,60,200,20,960,-62.28,-60.49,-63.19,-55.20,-47.18,-47.87,58.66,56.03,0.119,0.237,21.12,11.58,15.42,19.04
48000,kick,60,200,30,1440,-65.31,-60.49,-66.10,-55.20,-46.64,-47.87,59.63,56.03,0.368,0.561,30.94,21.40,24.83,28.94
48000,kick,60,200,40,1920,-67.16,-60.49,-67.53,-55.20,-46.30,-47.87,60.20,56.03,0.736,1.125,40.73,31.19,34.27,38.81
48000,kick,60,200,50,2400,-67.71,-60.49,-68.68,-55.20,-46.08,-47.87,60.56,56.03,1.142,1.777,50.38,40.83,43.69,48.71
48000,mix,30,800,0,0,-45.75,-83.06,-47.28,-106.61,,,,,0.290,0.555,17.48,0.00,0.00,0.00
48000,mix,30,800,2,96,-48.55,-83.06,-65.29,-106.61,,,,,0.273,0.525,18.48,1.00,0.96,1.77
48000,mix,30,800,5,240,-51.09,-83.06,-75.04,-106.61,,,,,0.247,0.480,19.98,2.50,2.42,4.46
48000,mix,30,800,10,480,-58.14,-83.06,-80.44,-106.61,,,,,0.204,0.405,22.48,5.00,4.85,8.94
48000,mix,30,800,15,720,-63.90,-83.06,-84.05,-106.61,,,,,0.162,0.330,24.98,7.50,7.27,13.42
48000,mix,30,800,20,960,-65.60,-83.06,-86.30,-106.61,,,,,0.119,0.255,27.48,10.00,9.71,17.88
48000,mix,30,800,30,1440,-68.08,-83.06,-89.70,-106.61,,,,,0.041,0.105,32.48,15.00,14.56,26.83
48000,mix,30,800,40,1920,-79.70,-83.06,-103.83,-106.61,,,,,0.033,0.072,40.67,23.19,22.90,36.50
48000,mix,30,800,50,2400,-78.78,-83.06,-103.66,-106.61,,,,,0.060,0.105,50.54,33.06,32.23,46.35
48000,mix,30,200,0,0,-34.55,-63.88,-33.29,-86.69,,,,,1.161,2.187,17.75,0.00,0.00,0.00
48000,mix,30,200,2,96,-37.62,-63.88,-54.76,-86.69,,,,,1.097,2.067,18.75,1.00,1.69,1.94
48000,mix,30,200,5,240,-39.77,-63.88,-63.46,-86.69,,,,,0.991,1.887,20.25,2.50,4.23,4.83
48000,mix,30,200,10,480,-47.82,-63.88,-69.28,-86.69,,,,,0.821,1.587,22.75,5.00,8.48,9.69
48000,mix,30,200,15,720,-52.51,-63.88,-72.37,-86.69,,,,,0.655,1.287,25.25,7.50,12.71,14.52
48000,mix,30,200,20,960,-54.42,-63.88,-75.44,-86.69,,,,,0.494,0.987,27.75,10.00,16.96,19.37
48000,mix,30,200,30,1440,-58.39,-63.88,-78.92,-86.69,,,,,0.240,0.448,32.75,15.00,25.44,29.06
48000,mix,30,200,40,1920,-64.13,-63.88,-85.36,-86.69,,,,,0.390,0.647,40.90,23.15,34.67,38.90
48000,mix,30,200,50,2400,-65.99,-63.88,-86.65,-86.69,,,,,0.783,1.201,50.69,32.94,44.08,48.77
48000,mix,60,800,0,0,-47.88,-83.06,-50.40,-106.61,,,,,0.146,0.298,9.40,0.00,0.00,0.00
48000,mix,60,800,2,96,-49.93,-83.06,-68.10,-106.61,,,,,0.129,0.268,10.40,1.00,0.00,1.58
48000,mix,60,800,5,240,-52.99,-83.06,-78.02,-106.61,,,,,0.104,0.223,11.90,2.50,0.00,3.96
48000,mix,60,800,10,480,-58.31,-83.06,-83.57,-106.61,,,,,0.063,0.148,14.40,5.00,0.00,7.94
48000,mix,60,800,15,720,-68.99,-83.06,-87.03,-106.61,,,,,0.028,0.073,16.90,7.50,0.00,11.92
48000,mix,60,800,20,960,-80.93,-83.06,-103.78,-106.61,,,,,0.018,0.042,21.00,11.60,3.75,16.67
48000,mix,60,800,30,1440,-82.06,-83.06,-106.57,-106.61,,,,,0.028,0.055,30.90,21.50,13.08,26.52
48000,mix,60,800,40,1920,-82.42,-83.06,-107.38,-106.61,,,,,0.055,0.098,40.75,31.35,22.44,36.40
48000,mix,60,800,50,2400,-80.03,-83.06,-105.69,-106.61,,,,,0.093,0.162,50.60,41.21,31.79,46.25
48000,mix,60,200,0,0,-36.41,-63.88,-37.01,-86.69,,,,,0.588,1.173,9.54,0.00,0.00,0.00
48000,mix,60,200,2,96,-38.27,-63.88,-56.66,-86.69,,,,,0.520,1.053,10.54,1.00,1.44,1.87
48000,mix,60,200,5,240,-41.57,-63.88,-66.16,-86.69,,,,,0.419,0.873,12.04,2.50,3.62,4.71
48000,mix,60,200,10,480,-47.38,-63.88,-72.10,-86.69,,,,,0.258,0.573,14.54,5.00,7.27,9.44
48000,mix,60,200,15,720,-57.84,-63.88,-74.97,-86.69,,,,,0.131,0.273,17.04,7.50,10.92,14.15
48000,mix,60,200,20,960,-63.78,-63.88,-85.06,-86.69,,,,,0.119,0.237,21.12,11.58,15.42,19.04
48000,mix,60,200,30,1440,-65.75,-63.88,-86.40,-86.69,,,,,0.368,0.561,30.94,21.40,24.83,28.94
48000,mix,60,200,40,1920,-66.97,-63.88,-88.87,-86.69,,,,,0.736,1.125,40.73,31.19,34.27,38.81
48000,mix,60,200,50,2400,-68.58,-63.88,-89.55,-86.69,,,,,1.142,1.777,50.38,40.83,43.69,48.71
88200,bass,30,800,0,0,-44.41,-81.51,38.13,-35.30,-56.39,-101.38,41.81,-5.82,0.289,0.514,17.45,0.00,1.27,1.27
88200,bass,30,800,2,176,-47.35,-81.51,10.62,-35.30,-83.83,-101.38,12.92,-5.82,0.272,0.486,18.44,0.99,2.23,3.05
88200,bass,30,800,5,441,-51.93,-81.51,2.89,-35.30,-91.22,-101.38,5.01,-5.82,0.246,0.441,19.94,2.49,3.70,5.74
88200,bass,30,800,10,882,-61.09,-81.51,-2.98,-35.30,-96.06,-101.38,-1.88,-5.82,0.203,0.366,22.45,5.00,6.12,10.22
88200,bass,30,800,15,1323,-63.07,-81.51,-6.09,-35.30,-98.03,-101.38,-3.70,-5.82,0.160,0.291,24.95,7.50,8.55,14.68
88200,bass,30,800,20,1764,-66.50,-81.51,-9.18,-35.30,-99.42,-101.38,-5.07,-5.82,0.117,0.216,27.45,10.00,10.98,19.16
88200,bass,30,800,30,2646,-68.42,-81.51,-12.16,-35.30,-100.34,-101.38,-5.54,-5.82,0.032,0.066,32.44,14.99,15.83,28.08
88200,bass,30,800,40,3528,-80.49,-81.51,-25.64,-35.30,-101.43,-101.38,-6.77,-5.82,0.026,0.047,40.65,23.19,23.71,37.65
88200,bass,30,800,50,4410,-82.37,-81.51,-26.55,-35.30,-101.44,-101.38,-7.05,-5.82,0.056,0.093,50.51,33.06,33.15,47.54
88200,bass,30,200,0,0,-33.62,-64.31,49.10,-18.07,-45.39,-100.03,49.42,-5.45,1.155,2.035,17.36,0.00,1.09,1.09
88200,bass,30,200,2,176,-36.81,-64.31,20.66,-18.07,-73.82,-100.03,20.52,-5.45,1.088,1.922,18.35,0.99,2.78,3.02
88200,bass,30,200,5,441,-41.27,-64.31,13.38,-18.07,-81.06,-100.03,12.42,-5.45,0.985,1.741,19.86,2.50,5.33,5.93
88200,bass,30,200,10,882,-49.70,-64.31,8.40,-18.07,-85.92,-100.03,6.58,-5.45,0.812,1.441,22.36,5.00,9.57,10.77
88200,bass,30,200,15,1323,-51.86,-64.31,5.85,-18.07,-88.35,-100.03,6.71,-5.45,0.641,1.141,24.86,7.50,13.81,15.61
88200,bass,30,200,20,1764,-55.52,-64.31,0.93,-18.07,-92.71,-100.03,-0.45,-5.45,0.472,0.841,27.36,10.00,18.05,20.46
88200,bass,30,200,30,2646,-57.39,-64.31,-0.54,-18.07,-93.85,-100.03,0.71,-5.45,0.172,0.241,32.36,15.00,26.53,30.15
88200,bass,30,200,40,3528,-64.25,-64.31,-9.92,-18.07,-98.83,-100.03,-5.45,-5.45,0.348,0.507,40.43,23.07,35.65,39.97
88200,bass,30,200,50,4410,-66.79,-64.31,-11.61,-18.07,-99.22,-100.03,-5.34,-5.45,0.741,1.092,50.28,32.92,45.10,49.86
88200,bass,60,800,0,0,-48.20,-81.51,34.59,-35.30,-59.93,-101.38,35.54,-5.82,0.145,0.272,9.08,0.00,1.27,1.27
88200,bass,60,800,2,176,-51.35,-81.51,7.41,-35.30,-86.95,-101.38,7.60,-5.82,0.128,0.242,10.07,0.99,1.27,2.85
88200,bass,60,800,5,441,-56.21,-81.51,-0.34,-35.30,-94.02,-101.38,-0.61,-5.82,0.102,0.197,11.58,2.50,1.27,5.24
88200,bass,60,800,10,882,-62.89,-81.51,-6.17,-35.30,-98.08,-101.38,-4.67,-5.82,0.059,0.122,14.08,5.00,1.27,9.22
88200,bass,60,800,15,1323,-69.36,-81.51,-9.18,-35.30,-99.42,-101.38,-5.27,-5.82,0.019,0.047,16.58,7.50,1.27,13.20
88200,bass,60,800,20,1764,-80.98,-81.51,-29.83,-35.30,-101.41,-101.38,-6.23,-5.82,0.009,0.021,20.68,11.60,3.87,17.71
88200,bass,60,800,30,2646,-79.89,-81.51,-20.66,-35.30,-101.27,-101.38,-6.50,-5.82,0.025,0.039,30.59,21.51,13.55,27.65
88200,bass,60,800,40,3528,-82.15,-81.51,-28.74,-35.30,-101.44,-101.38,-6.77,-5.82,0.052,0.096,40.47,31.39,23.06,37.53
88200,bass,60,800,50,4410,-84.09,-81.51,-28.60,-35.30,-101.44,-101.38,-7.04,-5.82,0.091,0.166,50.32,41.24,32.53,47.39
88200,bass,60,200,0,0,-38.15,-64.31,44.52,-18.07,-49.97,-100.03,42.35,-5.45,0.579,1.061,9.01,0.00,1.09,1.09
88200,bass,60,200,2,176,-41.15,-64.31,17.04,-18.07,-77.42,-100.03,14.71,-5.45,0.510,0.941,10.01,1.00,2.54,2.97
88200,bass,60,200,5,441,-45.54,-64.31,9.64,-18.07,-84.72,-100.03,7.35,-5.45,0.407,0.761,11.51,2.50,4.73,5.80
88200,bass,60,200,10,882,-52.18,-64.31,4.53,-18.07,-89.56,-100.03,2.20,-5.45,0.238,0.461,14.01,5.00,8.37,10.52
88200,bass,60,200,15,1323,-58.02,-64.31,1.46,-18.07,-92.27,-100.03,0.22,-5.45,0.087,0.162,16.51,7.50,12.01,15.25
88200,bass,60,200,20,1764,-64.46,-64.31,-13.77,-18.07,-99.59,-100.03,-5.45,-5.45,0.108,0.154,20.56,11.55,16.22,20.09
88200,bass,60,200,30,2646,-63.85,-64.31,-5.73,-18.07,-97.11,-100.03,-0.63,-5.45,0.376,0.516,30.41,21.40,25.73,29.99
88200,bass,60,200,40,3528,-66.62,-64.31,-14.29,-18.07,-99.65,-100.03,-5.45,-5.45,0.740,1.083,40.25,31.24,35.19,39.89
88200,bass,60,200,50,4410,-69.19,-64.31,-15.39,-18.07,-99.75,-100.03,-5.38,-5.45,1.143,1.765,49.92,40.91,44.64,49.77
88200,kick,30,800,0,0,-43.05,-83.81,-9.19,-78.51,-50.33,-52.84,54.21,53.69,0.289,0.514,17.45,0.00,1.27,1.27
88200,kick,30,800,2,176,-46.74,-83.81,-37.41,-78.51,-52.57,-52.84,54.21,53.69,0.272,0.486,18.44,0.99,2.23,3.05
88200,kick,30,800,5,441,-48.96,-83.81,-44.05,-78.51,-52.58,-52.84,54.21,53.69,0.246,0.441,19.94,2.49,3.70,5.74
88200,kick,30,800,10,882,-55.02,-83.81,-50.61,-78.51,-52.58,-52.84,54.21,53.69,0.203,0.366,22.45,5.00,6.12,10.22
88200,kick,30,800,15,1323,-61.93,-83.81,-54.50,-78.51,-52.58,-52.84,54.21,53.69,0.160,0.291,24.95,7.50,8.55,14.68
88200,kick,30,800,20,1764,-63.23,-83.81,-56.24,-78.51,-52.50,-52.84,54.38,53.69,0.117,0.216,27.45,10.00,10.98,19.16
88200,kick,30,800,30,2646,-64.29,-83.81,-58.53,-78.51,-52.32,-52.84,54.66,53.69,0.032,0.066,32.44,14.99,15.83,28.08
88200,kick,30,800,40,3528,-82.51,-83.81,-74.82,-78.51,-52.25,-52.84,54.80,53.69,0.026,0.047,40.65,23.19,23.71,37.65
88200,kick,30,800,50,4410,-83.37,-83.81,-75.53,-78.51,-52.22,-52.84,54.88,53.69,0.056,0.093,50.51,33.06,33.15,47.54
88200,kick,30,200,0,0,-31.03,-60.36,3.00,-50.63,-41.35,-52.40,57.13,49.16,1.155,2.035,17.36,0.00,1.09,1.09
88200,kick,30,200,2,176,-35.12,-60.36,-25.79,-50.63,-51.54,-52.40,51.21,49.16,1.088,1.922,18.35,0.99,2.78,3.02
88200,kick,30,200,5,441,-36.75,-60.36,-31.05,-50.63,-51.62,-52.40,51.21,49.16,0.985,1.741,19.86,2.50,5.33,5.93
88200,kick,30,200,10,882,-44.14,-60.36,-39.71,-50.63,-51.65,-52.40,51.21,49.16,0.812,1.441,22.36,5.00,9.57,10.77
88200,kick,30,200,15,1323,-49.82,-60.36,-41.56,-50.63,-51.65,-52.40,51.21,49.16,0.641,1.141,24.86,7.50,13.81,15.61
88200,kick,30,200,20,1764,-51.26,-60.36,-45.70,-50.63,-51.17,-52.40,52.00,49.16,0.472,0.841,27.36,10.00,18.05,20.46
88200,kick,30,200,30,2646,-52.35,-60.36,-46.74,-50.63,-50.26,-52.40,53.20,49.16,0.172,0.241,32.36,15.00,26.53,30.15
88200,kick,30,200,40,3528,-64.86,-60.36,-58.57,-50.63,-49.84,-52.40,53.75,49.16,0.348,0.507,40.43,23.07,35.65,39.97
88200,kick,30,200,50,4410,-66.07,-60.36,-59.97,-50.63,-49.61,-52.40,54.06,49.16,0.741,1.092,50.28,32.92,45.10,49.86
88200,kick,60,800,0,0,-45.54,-83.81,-11.91,-78.51,-51.05,-52.84,54.16,53.69,0.145,0.272,9.08,0.00,1.27,1.27
88200,kick,60,800,2,176,-48.12,-83.81,-39.57,-78.51,-52.58,-52.84,54.21,53.69,0.128,0.242,10.07,0.99,1.27,2.85
88200,kick,60,800,5,441,-50.34,-83.81,-46.90,-78.51,-52.58,-52.84,54.21,53.69,0.102,0.197,11.58,2.50,1.27,5.24
88200,kick,60,800,10,882,-55.47,-83.81,-53.60,-78.51,-52.58,-52.84,54.21,53.69,0.059,0.122,14.08,5.00,1.27,9.22
88200,kick,60,800,15,1323,-65.83,-83.81,-56.28,-78.51,-52.58,-52.84,54.21,53.69,0.019,0.047,16.58,7.50,1.27,13.20
88200,kick,60,800,20,1764,-82.82,-83.81,-75.63,-78.51,-52.53,-52.84,54.31,53.69,0.009,0.021,20.68,11.60,3.87,17.71
88200,kick,60,800,30,2646,-83.15,-83.81,-74.95,-78.51,-52.41,-52.84,54.54,53.69,0.025,0.039,30.59,21.51,13.55,27.65
88200,kick,60,800,40,3528,-83.49,-83.81,-75.46,-78.51,-52.34,-52.84,54.68,53.69,0.052,0.096,40.47,31.39,23.06,37.53
88200,kick,60,800,50,4410,-84.48,-83.81,-75.27,-78.51,-52.30,-52.84,54.77,53.69,0.091,0.166,50.32,41.24,32.53,47.39
88200,kick,60,200,0,0,-34.66,-60.36,-0.91,-50.63,-44.54,-52.40,52.05,49.16,0.579,1.061,9.01,0.00,1.09,1.09
88200,kick,60,200,2,176,-37.74,-60.36,-29.19,-50.63,-51.55,-52.40,51.22,49.16,0.510,0.941,10.01,1.00,2.54,2.97
88200,kick,60,200,5,441,-39.55,-60.36,-34.86,-50.63,-51.62,-52.40,51.21,49.16,0.407,0.761,11.51,2.50,4.73,5.80
88200,kick,60,200,10,882,-45.10,-60.36,-43.15,-50.63,-51.64,-52.40,51.21,49.16,0.238,0.461,14.01,5.00,8.37,10.52
88200,kick,60,200,15,1323,-53.79,-60.36,-44.69,-50.63,-51.64,-52.40,51.21,49.16,0.087,0.162,16.51,7.50,12.01,15.25
88200,kick,60,200,20,1764,-63.13,-60.36,-61.72,-50.63,-51.39,-52.40,51.65,49.16,0.108,0.154,20.56,11.55,16.22,20.09
88200,kick,60,200,30,2646,-65.93,-60.36,-61.45,-50.63,-50.69,-52.40,52.66,49.16,0.376,0.516,30.41,21.40,25.73,29.99
88200,kick,60,200,40,3528,-67.51,-60.36,-62.01,-50.63,-50.27,-52.40,53.24,49.16,0.740,1.083,40.25,31.24,35.19,39.89
88200,kick,60,200,50,4410,-68.27,-60.36,-63.39,-50.63,-49.99,-52.40,53.62,49.16,1.143,1.765,49.92,40.91,44.64,49.77
88200,mix,30,800,0,0,-44.92,-83.06,-45.13,-102.42,,,,,0.289,0.514,17.45,0.00,1.27,1.27
88200,mix,30,800,2,176,-47.78,-83.06,-64.40,-102.42,,,,,0.272,0.486,18.44,0.99,2.23,3.05
88200,mix,30,800,5,441,-50.65,-83.06,-74.39,-102.42,,,,,0.246,0.441,19.94,2.49,3.70,5.74
88200,mix,30,800,10,882,-57.74,-83.06,-79.86,-102.42,,,,,0.203,0.366,22.45,5.00,6.12,10.22
88200,mix,30,800,15,1323,-63.54,-83.06,-83.48,-102.42,,,,,0.160,0.291,24.95,7.50,8.55,14.68
88200,mix,30,800,20,1764,-65.41,-83.06,-85.90,-102.42,,,,,0.117,0.216,27.45,10.00,10.98,19.16
88200,mix,30,800,30,2646,-67.22,-83.06,-87.85,-102.42,,,,,0.032,0.066,32.44,14.99,15.83,28.08
88200,mix,30,800,40,3528,-79.20,-83.06,-102.03,-102.42,,,,,0.026,0.047,40.65,23.19,23.71,37.65
88200,mix,30,800,50,4410,-76.57,-83.06,-102.93,-102.42,,,,,0.056,0.093,50.51,33.06,33.15,47.54
88200,mix,30,200,0,0,-33.94,-64.29,-32.00,-82.52,,,,,1.155,2.035,17.36,0.00,1.09,1.09
88200,mix,30,200,2,176,-36.42,-64.29,-52.41,-82.52,,,,,1.088,1.922,18.35,0.99,2.78,3.02
88200,mix,30,200,5,441,-39.42,-64.29,-61.77,-82.52,,,,,0.985,1.741,19.86,2.50,5.33,5.93
88200,mix,30,200,10,882,-47.32,-64.29,-67.99,-82.52,,,,,0.812,1.441,22.36,5.00,9.57,10.77
88200,mix,30,200,15,1323,-52.67,-64.29,-71.81,-82.52,,,,,0.641,1.141,24.86,7.50,13.81,15.61
88200,mix,30,200,20,1764,-54.10,-64.29,-73.62,-82.52,,,,,0.472,0.841,27.36,10.00,18.05,20.46
88200,mix,30,200,30,2646,-56.99,-64.29,-77.07,-82.52,,,,,0.172,0.241,32.36,15.00,26.53,30.15
88200,mix,30,200,40,3528,-64.56,-64.29,-83.80,-82.52,,,,,0.348,0.507,40.43,23.07,35.65,39.97
88200,mix,30,200,50,4410,-65.48,-64.29,-84.65,-82.52,,,,,0.741,1.092,50.28,32.92,45.10,49.86
88200,mix,60,800,0,0,-47.59,-83.06,-48.13,-102.42,,,,,0.145,0.272,9.08,0.00,1.27,1.27
88200,mix,60,800,2,176,-49.75,-83.06,-67.13,-102.42,,,,,0.128,0.242,10.07,0.99,1.27,2.85
88200,mix,60,800,5,441,-52.72,-83.06,-77.52,-102.42,,,,,0.102,0.197,11.58,2.50,1.27,5.24
88200,mix,60,800,10,882,-58.06,-83.06,-82.39,-102.42,,,,,0.059,0.122,14.08,5.00,1.27,9.22
88200,mix,60,800,15,1323,-68.25,-83.06,-85.54,-102.42,,,,,0.019,0.047,16.58,7.50,1.27,13.20
88200,mix,60,800,20,1764,-81.16,-83.06,-103.27,-102.42,,,,,0.009,0.021,20.68,11.60,3.87,17.71
88200,mix,60,800,30,2646,-82.21,-83.06,-105.14,-102.42,,,,,0.025,0.039,30.59,21.51,13.55,27.65
88200,mix,60,800,40,3528,-81.51,-83.06,-106.03,-102.42,,,,,0.052,0.096,40.47,31.39,23.06,37.53
88200,mix,60,800,50,4410,-77.47,-83.06,-105.67,-102.42,,,,,0.091,0.166,50.32,41.24,32.53,47.39
88200,mix,60,200,0,0,-36.22,-64.29,-33.90,-82.52,,,,,0.579,1.061,9.01,0.00,1.09,1.09
88200,mix,60,200,2,176,-38.34,-64.29,-55.57,-82.52,,,,,0.510,0.941,10.01,1.00,2.54,2.97
88200,mix,60,200,5,441,-41.41,-64.29,-65.10,-82.52,,,,,0.407,0.761,11.51,2.50,4.73,5.80
88200,mix,60,200,10,882,-47.42,-64.29,-70.81,-82.52,,,,,0.238,0.461,14.01,5.00,8.37,10.52
88200,mix,60,200,15,1323,-57.57,-64.29,-73.92,-82.52,,,,,0.087,0.162,16.51,7.50,12.01,15.25
88200,mix,60,200,20,1764,-64.53,-64.29,-84.49,-82.52,,,,,0.108,0.154,20.56,11.55,16.22,20.09
88200,mix,60,200,30,2646,-66.48,-64.29,-85.76,-82.52,,,,,0.376,0.516,30.41,21.40,25.73,29.99
88200,mix,60,200,40,3528,-67.70,-64.29,-87.87,-82.52,,,,,0.740,1.083,40.25,31.24,35.19,39.89
88200,mix,60,200,50,4410,-67.85,-64.29,-87.54,-82.52,,,,,1.143,1.765,49.92,40.91,44.64,49.77
96000,bass,30,800,0,0,-44.83,-81.59,37.80,-35.45,-56.62,-101.28,41.92,-5.72,0.289,0.536,16.79,0.00,0.00,0.00
96000,bass,30,800,2,192,-47.66,-81.59,10.37,-35.45,-83.97,-101.28,13.70,-5.72,0.272,0.506,17.79,1.00,0.97,1.78
96000,bass,30,800,5,480,-52.08,-81.59,2.96,-35.45,-91.02,-101.28,4.56,-5.72,0.246,0.461,19.29,2.50,2.43,4.47
96000,bass,30,800,10,960,-61.72,-81.59,-2.91,-35.45,-95.86,-101.28,-1.78,-5.72,0.203,0.386,21.79,5.00,4.85,8.94
96000,bass,30,800,15,1440,-63.23,-81.59,-6.21,-35.45,-97.93,-101.28,-3.59,-5.72,0.160,0.311,24.29,7.50,7.28,13.42
96000,bass,30,800,20,1920,-66.62,-81.59,-9.11,-35.45,-99.24,-101.28,-5.72,-5.72,0.117,0.236,26.79,10.00,9.71,17.90
96000,bass,30,800,30,2880,-68.67,-81.59,-12.19,-35.45,-100.15,-101.28,-5.75,-5.72,0.034,0.086,31.79,15.00,14.55,26.81
96000,bass,30,800,40,3840,-80.97,-81.59,-26.51,-35.45,-101.25,-101.28,-5.88,-5.72,0.029,0.063,40.01,23.22,22.46,36.40
96000,bass,30,800,50,4800,-80.67,-81.59,-21.93,-35.45,-101.18,-101.28,-5.90,-5.72,0.058,0.086,49.86,33.07,31.89,46.25
96000,bass,30,200,0,0,-34.24,-64.42,47.76,-18.38,-46.46,-99.48,49.53,-5.14,1.158,2.120,16.99,0.00,0.00,0.00
96000,bass,30,200,2,192,-37.26,-64.42,20.05,-18.38,-74.15,-99.48,21.29,-5.14,1.081,2.000,17.99,1.00,1.69,1.94
96000,bass,30,200,5,480,-41.18,-64.42,12.92,-18.38,-81.22,-99.48,12.08,-5.14,0.976,1.820,19.49,2.50,4.24,4.84
96000,bass,30,200,10,960,-50.04,-64.42,7.34,-18.38,-86.64,-99.48,6.32,-5.14,0.806,1.520,21.99,5.00,8.48,9.69
96000,bass,30,200,15,1440,-52.14,-64.42,4.92,-18.38,-88.90,-99.48,6.98,-5.14,0.640,1.220,24.49,7.50,12.72,14.53
96000,bass,30,200,20,1920,-55.58,-64.42,0.72,-18.38,-92.51,-99.48,-0.32,-5.14,0.479,0.920,26.99,10.00,16.96,19.37
96000,bass,30,200,30,2880,-57.51,-64.42,-0.97,-18.38,-93.83,-99.48,0.06,-5.14,0.229,0.381,31.99,15.00,25.45,29.06
96000,bass,30,200,40,3840,-64.72,-64.42,-10.41,-18.38,-98.45,-99.48,-5.14,-5.14,0.416,0.627,40.09,23.10,34.57,38.89
96000,bass,30,200,50,4800,-65.31,-64.42,-8.27,-18.38,-97.80,-99.48,-3.86,-5.14,0.805,1.197,49.94,32.95,44.00,48.76
96000,bass,60,800,0,0,-48.65,-81.59,34.09,-35.45,-60.33,-101.28,35.65,-5.72,0.145,0.278,8.73,0.00,0.00,0.00
96000,bass,60,800,2,192,-51.83,-81.59,7.34,-35.45,-86.91,-101.28,8.32,-5.72,0.128,0.248,9.73,1.00,0.00,1.58
96000,bass,60,800,5,480,-56.83,-81.59,-0.28,-35.45,-93.83,-101.28,-1.54,-5.72,0.102,0.203,11.23,2.50,0.00,3.97
96000,bass,60,800,10,960,-63.91,-81.59,-6.18,-35.45,-97.90,-101.28,-5.40,-5.72,0.059,0.128,13.73,5.00,0.00,7.95
96000,bass,60,800,15,1440,-69.84,-81.59,-9.66,-35.45,-99.45,-101.28,-5.72,-5.72,0.019,0.053,16.23,7.50,0.00,11.92
96000,bass,60,800,20,1920,-81.71,-81.59,-28.50,-35.45,-101.27,-101.28,-5.72,-5.72,0.010,0.030,20.34,11.61,3.57,16.64
96000,bass,60,800,30,2880,-80.00,-81.59,-21.36,-35.45,-101.14,-101.28,-5.69,-5.72,0.026,0.047,30.25,21.52,12.83,26.50
96000,bass,60,800,40,3840,-82.46,-81.59,-28.87,-35.45,-101.28,-101.28,-5.93,-5.72,0.053,0.094,40.10,31.38,22.21,36.38
96000,bass,60,800,50,4800,-81.92,-81.59,-23.12,-35.45,-101.22,-101.28,-5.99,-5.72,0.092,0.163,49.97,41.24,31.61,46.26
96000,bass,60,200,0,0,-38.61,-64.42,43.10,-18.38,-51.12,-99.48,42.46,-5.14,0.580,1.100,8.82,0.00,0.00,0.00
96000,bass,60,200,2,192,-41.65,-64.42,16.77,-18.38,-77.42,-99.48,14.22,-5.14,0.512,0.980,9.82,1.00,1.45,1.89
96000,bass,60,200,5,480,-45.32,-64.42,9.43,-18.38,-84.64,-99.48,5.52,-5.14,0.409,0.800,11.32,2.50,3.64,4.72
96000,bass,60,200,10,960,-51.96,-64.42,4.25,-18.38,-89.50,-99.48,3.20,-5.14,0.241,0.500,13.82,5.00,7.27,9.44
96000,bass,60,200,15,1440,-58.50,-64.42,0.31,-18.38,-92.87,-99.48,0.04,-5.14,0.097,0.200,16.32,7.50,10.92,14.16
96000,bass,60,200,20,1920,-64.73,-64.42,-12.16,-18.38,-98.83,-99.48,-4.40,-5.14,0.119,0.198,20.40,11.57,15.39,19.05
96000,bass,60,200,30,2880,-64.20,-64.42,-6.50,-18.38,-97.18,-99.48,-1.15,-5.14,0.383,0.545,30.24,21.42,24.78,28.92
96000,bass,60,200,40,3840,-66.95,-64.42,-14.39,-18.38,-99.21,-99.48,-5.14,-5.14,0.747,1.089,40.06,31.24,34.21,38.81
96000,bass,60,200,50,4800,-66.99,-64.42,-9.77,-18.38,-98.32,-99.48,-3.95,-5.14,1.149,1.766,49.72,40.90,43.64,48.69
96000,kick,30,800,0,0,-42.70,-84.09,-9.59,-78.69,-50.79,-53.42,53.93,54.44,0.289,0.536,16.79,0.00,0.00,0.00
96000,kick,30,800,2,192,-46.21,-84.09,-37.37,-78.69,-53.16,-53.42,53.93,54.44,0.272,0.506,17.79,1.00,0.97,1.78
96000,kick,30,800,5,480,-49.58,-84.09,-44.98,-78.69,-53.17,-53.42,53.93,54.44,0.246,0.461,19.29,2.50,2.43,4.47
96000,kick,30,800,10,960,-55.02,-84.09,-50.70,-78.69,-53.17,-53.42,53.93,54.44,0.203,0.386,21.79,5.00,4.85,8.94
96000,kick,30,800,15,1440,-62.43,-84.09,-55.19,-78.69,-53.17,-53.42,53.93,54.44,0.160,0.311,24.29,7.50,7.28,13.42
96000,kick,30,800,20,1920,-63.26,-84.09,-56.14,-78.69,-53.09,-53.42,53.79,54.44,0.117,0.236,26.79,10.00,9.71,17.90
96000,kick,30,800,30,2880,-64.62,-84.09,-58.70,-78.69,-52.92,-53.42,53.52,54.44,0.034,0.086,31.79,15.00,14.55,26.81
96000,kick,30,800,40,3840,-82.64,-84.09,-75.48,-78.69,-52.85,-53.42,53.66,54.44,0.029,0.063,40.01,23.22,22.46,36.40
96000,kick,30,800,50,4800,-83.97,-84.09,-76.10,-78.69,-52.82,-53.42,53.74,54.44,0.058,0.086,49.86,33.07,31.89,46.25
96000,kick,30,200,0,0,-30.21,-60.49,3.48,-50.42,-41.17,-52.57,59.60,49.68,1.158,2.120,16.99,0.00,0.00,0.00
96000,kick,30,200,2,192,-33.99,-60.49,-24.46,-50.42,-51.88,-52.57,50.07,49.68,1.081,2.000,17.99,1.00,1.69,1.94
96000,kick,30,200,5,480,-37.75,-60.49,-31.97,-50.42,-52.02,-52.57,50.07,49.68,0.976,1.820,19.49,2.50,4.24,4.84
96000,kick,30,200,10,960,-44.43,-60.49,-39.01,-50.42,-52.04,-52.57,50.07,49.68,0.806,1.520,21.99,5.00,8.48,9.69
96000,kick,30,200,15,1440,-50.20,-60.49,-41.39,-50.42,-52.04,-52.57,50.07,49.68,0.640,1.220,24.49,7.50,12.72,14.53
96000,kick,30,200,20,1920,-51.53,-60.49,-45.06,-50.42,-51.64,-52.57,50.79,49.68,0.479,0.920,26.99,10.00,16.96,19.37
96000,kick,30,200,30,2880,-52.96,-60.49,-46.74,-50.42,-50.80,-52.57,52.03,49.68,0.229,0.381,31.99,15.00,25.45,29.06
96000,kick,30,200,40,3840,-65.39,-60.49,-59.45,-50.42,-50.41,-52.57,52.59,49.68,0.416,0.627,40.09,23.10,34.57,38.89
96000,kick,30,200,50,4800,-66.47,-60.49,-60.55,-50.42,-50.20,-52.57,52.90,49.68,0.805,1.197,49.94,32.95,44.00,48.76
96000,kick,60,800,0,0,-45.39,-84.09,-12.51,-78.69,-51.95,-53.42,53.94,54.44,0.145,0.278,8.73,0.00,0.00,0.00
96000,kick,60,800,2,192,-47.93,-84.09,-39.69,-78.69,-53.19,-53.42,53.95,54.44,0.128,0.248,9.73,1.00,0.00,1.58
96000,kick,60,800,5,480,-50.61,-84.09,-47.48,-78.69,-53.18,-53.42,53.94,54.44,0.102,0.203,11.23,2.50,0.00,3.97
96000,kick,60,800,10,960,-55.42,-84.09,-53.80,-78.69,-53.17,-53.42,53.93,54.44,0.059,0.128,13.73,5.00,0.00,7.95
96000,kick,60,800,15,1440,-66.36,-84.09,-56.82,-78.69,-53.17,-53.42,53.93,54.44,0.019,0.053,16.23,7.50,0.00,11.92
96000,kick,60,800,20,1920,-82.15,-84.09,-74.31,-78.69,-53.12,-53.42,53.84,54.44,0.010,0.030,20.34,11.61,3.57,16.64
96000,kick,60,800,30,2880,-82.83,-84.09,-74.51,-78.69,-53.00,-53.42,53.56,54.44,0.026,0.047,30.25,21.52,12.83,26.50
96000,kick,60,800,40,3840,-83.62,-84.09,-75.25,-78.69,-52.94,-53.42,53.54,54.44,0.053,0.094,40.10,31.38,22.21,36.38
96000,kick,60,800,50,4800,-85.02,-84.09,-76.41,-78.69,-52.90,-53.42,53.64,54.44,0.092,0.163,49.97,41.24,31.61,46.26
96000,kick,60,200,0,0,-34.03,-60.49,-0.59,-50.42,-44.84,-52.57,54.53,49.68,0.580,1.100,8.82,0.00,0.00,0.00
96000,kick,60,200,2,192,-37.28,-60.49,-28.15,-50.42,-52.00,-52.57,50.06,49.68,0.512,0.980,9.82,1.00,1.45,1.89
96000,kick,60,200,5,480,-39.98,-60.49,-35.36,-50.42,-52.04,-52.57,50.06,49.68,0.409,0.800,11.32,2.50,3.64,4.72
96000,kick,60,200,10,960,-45.09,-60.49,-42.65,-50.42,-52.05,-52.57,50.07,49.68,0.241,0.500,13.82,5.00,7.27,9.44
96000,kick,60,200,15,1440,-54.85,-60.49,-44.25,-50.42,-52.05,-52.57,50.07,49.68,0.097,0.200,16.32,7.50,10.92,14.16
96000,kick,60,200,20,1920,-62.63,-60.49,-59.29,-50.42,-51.83,-52.57,50.48,49.68,0.119,0.198,20.40,11.57,15.39,19.05
96000,kick,60,200,30,2880,-66.01,-60.49,-62.45,-50.42,-51.21,-52.57,51.49,49.68,0.383,0.545,30.24,21.42,24.78,28.92
96000,kick,60,200,40,3840,-67.78,-60.49,-63.78,-50.42,-50.83,-52.57,52.08,49.68,0.747,1.089,40.06,31.24,34.21,38.81
96000,kick,60,200,50,4800,-68.27,-60.49,-64.84,-50.42,-50.57,-52.57,52.46,49.68,1.149,1.766,49.72,40.90,43.64,48.69
96000,mix,30,800,0,0,-45.67,-79.89,-46.38,-101.84,,,,,0.289,0.536,16.79,0.00,0.00,0.00
96000,mix,30,800,2,192,-48.13,-79.89,-64.05,-101.84,,,,,0.272,0.506,17.79,1.00,0.97,1.78
96000,mix,30,800,5,480,-51.05,-79.89,-74.12,-101.84,,,,,0.246,0.461,19.29,2.50,2.43,4.47
96000,mix,30,800,10,960,-57.45,-79.89,-79.60,-101.84,,,,,0.203,0.386,21.79,5.00,4.85,8.94
96000,mix,30,800,15,1440,-64.11,-79.89,-83.49,-101.84,,,,,0.160,0.311,24.29,7.50,7.28,13.42
96000,mix,30,800,20,1920,-65.69,-79.89,-84.92,-101.84,,,,,0.117,0.236,26.79,10.00,9.71,17.90
96000,mix,30,800,30,2880,-67.78,-79.89,-88.63,-101.84,,,,,0.034,0.086,31.79,15.00,14.55,26.81
96000,mix,30,800,40,3840,-81.15,-79.89,-102.15,-101.84,,,,,0.029,0.063,40.01,23.22,22.46,36.40
96000,mix,30,800,50,4800,-80.04,-79.89,-104.92,-101.84,,,,,0.058,0.086,49.86,33.07,31.89,46.25
96000,mix,30,200,0,0,-35.37,-61.40,-34.27,-81.54,,,,,1.158,2.120,16.99,0.00,0.00,0.00
96000,mix,30,200,2,192,-37.74,-61.40,-51.88,-81.54,,,,,1.081,2.000,17.99,1.00,1.69,1.94
96000,mix,30,200,5,480,-39.46,-61.40,-61.81,-81.54,,,,,0.976,1.820,19.49,2.50,4.24,4.84
96000,mix,30,200,10,960,-47.46,-61.40,-67.31,-81.54,,,,,0.806,1.520,21.99,5.00,8.48,9.69
96000,mix,30,200,15,1440,-53.06,-61.40,-70.56,-81.54,,,,,0.640,1.220,24.49,7.50,12.72,14.53
96000,mix,30,200,20,1920,-54.46,-61.40,-73.64,-81.54,,,,,0.479,0.920,26.99,10.00,16.96,19.37
96000,mix,30,200,30,2880,-57.88,-61.40,-77.32,-81.54,,,,,0.229,0.381,31.99,15.00,25.45,29.06
96000,mix,30,200,40,3840,-65.12,-61.40,-84.72,-81.54,,,,,0.416,0.627,40.09,23.10,34.57,38.89
96000,mix,30,200,50,4800,-66.58,-61.40,-86.47,-81.54,,,,,0.805,1.197,49.94,32.95,44.00,48.76
96000,mix,60,800,0,0,-47.24,-79.89,-47.50,-101.84,,,,,0.145,0.278,8.73,0.00,0.00,0.00
96000,mix,60,800,2,192,-49.48,-79.89,-66.95,-101.84,,,,,0.128,0.248,9.73,1.00,0.00,1.58
96000,mix,60,800,5,480,-52.54,-79.89,-77.17,-101.84,,,,,0.102,0.203,11.23,2.50,0.00,3.97
96000,mix,60,800,10,960,-57.84,-79.89,-82.69,-101.84,,,,,0.059,0.128,13.73,5.00,0.00,7.95
96000,mix,60,800,15,1440,-68.51,-79.89,-85.50,-101.84,,,,,0.019,0.053,16.23,7.50,0.00,11.92
96000,mix,60,800,20,1920,-78.88,-79.89,-100.02,-101.84,,,,,0.010,0.030,20.34,11.61,3.57,16.64
96000,mix,60,800,30,2880,-81.08,-79.89,-102.26,-101.84,,,,,0.026,0.047,30.25,21.52,12.83,26.50
96000,mix,60,800,40,3840,-82.22,-79.89,-102.10,-101.84,,,,,0.053,0.094,40.10,31.38,22.21,36.38
96000,mix,60,800,50,4800,-80.55,-79.89,-104.88,-101.84,,,,,0.092,0.163,49.97,41.24,31.61,46.26
96000,mix,60,200,0,0,-34.93,-61.40,-32.67,-81.54,,,,,0.580,1.100,8.82,0.00,0.00,0.00
96000,mix,60,200,2,192,-37.43,-61.40,-54.30,-81.54,,,,,0.512,0.980,9.82,1.00,1.45,1.89
96000,mix,60,200,5,480,-41.40,-61.40,-64.71,-81.54,,,,,0.409,0.800,11.32,2.50,3.64,4.72
96000,mix,60,200,10,960,-47.27,-61.40,-70.01,-81.54,,,,,0.241,0.500,13.82,5.00,7.27,9.44
96000,mix,60,200,15,1440,-57.00,-61.40,-73.14,-81.54,,,,,0.097,0.200,16.32,7.50,10.92,14.16
96000,mix,60,200,20,1920,-62.01,-61.40,-81.70,-81.54,,,,,0.119,0.198,20.40,11.57,15.39,19.05
96000,mix,60,200,30,2880,-65.03,-61.40,-83.61,-81.54,,,,,0.383,0.545,30.24,21.42,24.78,28.92
96000,mix,60,200,40,3840,-66.56,-61.40,-85.51,-81.54,,,,,0.747,1.089,40.06,31.24,34.21,38.81
96000,mix,60,200,50,4800,-67.91,-61.40,-87.27,-81.54,,,,,1.149,1.766,49.72,40.90,43.64,48.69
