rate_hz,law,case,update_hz,ramp_ms,ramp_samples,records,max_abs_diff,max_ulp_diff,both_settle_exactly,d11_bass_oob_db,law_bass_oob_db,d11_bass_ctr_max_db,law_bass_ctr_max_db
44100,route-indexed,mute,,0,0,1,0.000e0,0,true,-35.85,-35.85,62.96,62.96
44100,route-indexed,unmute,,0,0,1,0.000e0,0,true,-35.85,-35.85,62.96,62.96
44100,route-indexed,gain-0-to-minus24db,,0,0,1,0.000e0,0,true,-36.42,-36.42,62.40,62.40
44100,route-indexed,pan-minus1-to-plus1,,0,0,1,0.000e0,0,true,,,,
44100,input-trim,gain-0-to-minus24db,,0,0,1,0.000e0,0,true,-36.42,-36.42,62.40,62.40
44100,route-indexed,fader-drag-800ms,30,0,0,55,0.000e0,0,true,-57.00,-57.00,41.86,41.86
44100,input-trim,fader-drag-800ms,30,0,0,55,0.000e0,0,true,-57.00,-57.00,41.86,41.86
44100,route-indexed,pan-drag-800ms,30,0,0,55,0.000e0,0,true,,,,
44100,route-indexed,fader-drag-800ms,60,0,0,109,0.000e0,0,true,-60.53,-60.53,35.59,35.59
44100,input-trim,fader-drag-800ms,60,0,0,109,0.000e0,0,true,-60.53,-60.53,35.59,35.59
44100,route-indexed,pan-drag-800ms,60,0,0,109,0.000e0,0,true,,,,
44100,route-indexed,mute,,1,44,1,5.066e-7,196,true,-56.26,-56.26,42.26,42.26
44100,route-indexed,unmute,,1,44,1,3.576e-7,6,true,-56.26,-56.26,42.26,42.26
44100,route-indexed,gain-0-to-minus24db,,1,44,1,1.788e-7,24,true,-56.83,-56.83,41.70,41.70
44100,route-indexed,pan-minus1-to-plus1,,1,44,1,5.066e-7,196,true,,,,
44100,input-trim,gain-0-to-minus24db,,1,44,1,0.000e0,0,true,-56.83,-56.83,41.70,41.70
44100,route-indexed,fader-drag-800ms,30,1,44,55,8.941e-7,22,true,-76.95,-76.95,22.20,22.20
44100,input-trim,fader-drag-800ms,30,1,44,55,0.000e0,0,true,-76.95,-76.95,22.20,22.20
44100,route-indexed,pan-drag-800ms,30,1,44,55,1.132e-6,19,true,,,,
44100,route-indexed,fader-drag-800ms,60,1,44,109,1.311e-6,22,true,-80.27,-80.27,15.93,15.93
44100,input-trim,fader-drag-800ms,60,1,44,109,0.000e0,0,true,-80.27,-80.27,15.93,15.93
44100,route-indexed,pan-drag-800ms,60,1,44,109,1.252e-6,21,true,,,,
44100,route-indexed,mute,,2,88,1,7.600e-7,708,true,-63.02,-63.02,35.09,35.09
44100,route-indexed,unmute,,2,88,1,6.557e-7,11,true,-63.02,-63.02,35.09,35.09
44100,route-indexed,gain-0-to-minus24db,,2,88,1,1.788e-7,24,true,-63.59,-63.59,34.53,34.53
44100,route-indexed,pan-minus1-to-plus1,,2,88,1,7.600e-7,708,true,,,,
44100,input-trim,gain-0-to-minus24db,,2,88,1,0.000e0,0,true,-63.59,-63.59,34.53,34.53
44100,route-indexed,fader-drag-800ms,30,2,88,55,1.788e-6,42,true,-83.61,-83.61,13.65,13.65
44100,input-trim,fader-drag-800ms,30,2,88,55,0.000e0,0,true,-83.61,-83.61,13.65,13.65
44100,route-indexed,pan-drag-800ms,30,2,88,55,2.623e-6,44,true,,,,
44100,route-indexed,fader-drag-800ms,60,2,88,109,2.503e-6,44,true,-86.65,-86.65,7.63,7.64
44100,input-trim,fader-drag-800ms,60,2,88,109,0.000e0,0,true,-86.65,-86.65,7.63,7.63
44100,route-indexed,pan-drag-800ms,60,2,88,109,2.563e-6,43,true,,,,
44100,route-indexed,mute,,3,132,1,8.866e-7,1792,true,-66.38,-66.38,30.81,30.81
44100,route-indexed,unmute,,3,132,1,8.345e-7,14,true,-66.37,-66.37,30.81,30.81
44100,route-indexed,gain-0-to-minus24db,,3,132,1,1.520e-6,181,true,-66.95,-66.95,30.24,30.24
44100,route-indexed,pan-minus1-to-plus1,,3,132,1,8.866e-7,1792,true,,,,
44100,input-trim,gain-0-to-minus24db,,3,132,1,0.000e0,0,true,-66.95,-66.95,30.24,30.24
44100,route-indexed,fader-drag-800ms,30,3,132,55,2.384e-6,63,true,-86.77,-86.77,10.04,10.04
44100,input-trim,fader-drag-800ms,30,3,132,55,0.000e0,0,true,-86.77,-86.77,10.04,10.04
44100,route-indexed,pan-drag-800ms,30,3,132,55,3.695e-6,62,true,,,,
44100,route-indexed,fader-drag-800ms,60,3,132,109,3.755e-6,64,true,-89.73,-89.73,3.78,3.77
44100,input-trim,fader-drag-800ms,60,3,132,109,0.000e0,0,true,-89.73,-89.73,3.78,3.78
44100,route-indexed,pan-drag-800ms,60,3,132,109,3.874e-6,65,true,,,,
44100,route-indexed,mute,,5,221,1,1.192e-7,255,true,-70.67,-70.67,25.45,25.45
44100,route-indexed,unmute,,5,221,1,5.960e-8,1,true,-70.66,-70.66,25.46,25.46
44100,route-indexed,gain-0-to-minus24db,,5,221,1,1.177e-6,158,true,-71.24,-71.24,24.89,24.89
44100,route-indexed,pan-minus1-to-plus1,,5,221,1,1.192e-7,255,true,,,,
44100,input-trim,gain-0-to-minus24db,,5,221,1,0.000e0,0,true,-71.24,-71.24,24.89,24.89
44100,route-indexed,fader-drag-800ms,30,5,221,55,6.378e-6,107,true,-91.35,-91.35,4.66,4.66
44100,input-trim,fader-drag-800ms,30,5,221,55,0.000e0,0,true,-91.35,-91.35,4.66,4.66
44100,route-indexed,pan-drag-800ms,30,5,221,55,5.007e-6,107,true,,,,
44100,route-indexed,fader-drag-800ms,60,5,221,109,6.378e-6,107,true,-94.45,-94.45,-0.66,-0.66
44100,input-trim,fader-drag-800ms,60,5,221,109,0.000e0,0,true,-94.45,-94.45,-0.66,-0.66
44100,route-indexed,pan-drag-800ms,60,5,221,109,6.497e-6,109,true,,,,
44100,route-indexed,mute,,10,441,1,5.603e-6,21063,true,-77.03,-77.03,19.09,19.09
44100,route-indexed,unmute,,10,441,1,4.888e-6,82,true,-77.00,-77.00,19.07,19.07
44100,route-indexed,gain-0-to-minus24db,,10,441,1,3.964e-6,502,true,-77.59,-77.59,18.52,18.52
44100,route-indexed,pan-minus1-to-plus1,,10,441,1,5.603e-6,21063,true,,,,
44100,input-trim,gain-0-to-minus24db,,10,441,1,0.000e0,0,true,-77.59,-77.59,18.52,18.52
44100,route-indexed,fader-drag-800ms,30,10,441,55,1.258e-5,211,true,-96.16,-96.16,-0.34,-0.35
44100,input-trim,fader-drag-800ms,30,10,441,55,0.000e0,0,true,-96.16,-96.16,-0.34,-0.34
44100,route-indexed,pan-drag-800ms,30,10,441,55,1.270e-5,213,true,,,,
44100,route-indexed,fader-drag-800ms,60,10,441,109,1.127e-5,219,true,-98.17,-98.17,-4.80,-4.80
44100,input-trim,fader-drag-800ms,60,10,441,109,0.000e0,0,true,-98.17,-98.17,-4.80,-4.80
44100,route-indexed,pan-drag-800ms,60,10,441,109,1.264e-5,212,true,,,,
44100,route-indexed,mute,,15,662,1,6.720e-6,55980,true,-80.31,-80.31,15.56,15.56
44100,route-indexed,unmute,,15,662,1,6.497e-6,109,true,-80.25,-80.25,15.53,15.53
44100,route-indexed,gain-0-to-minus24db,,15,662,1,5.558e-6,710,true,-80.87,-80.87,15.00,15.00
44100,route-indexed,pan-minus1-to-plus1,,15,662,1,6.720e-6,55980,true,,,,
44100,input-trim,gain-0-to-minus24db,,15,662,1,0.000e0,0,true,-80.87,-80.87,15.00,15.00
44100,route-indexed,fader-drag-800ms,30,15,662,55,1.317e-5,316,true,-98.41,-98.41,-5.34,-5.34
44100,input-trim,fader-drag-800ms,30,15,662,55,0.000e0,0,true,-98.41,-98.41,-5.34,-5.34
44100,route-indexed,pan-drag-800ms,30,15,662,55,1.913e-5,321,true,,,,
44100,route-indexed,fader-drag-800ms,60,15,662,109,1.961e-5,330,true,-100.15,-100.16,-5.88,-5.89
44100,input-trim,fader-drag-800ms,60,15,662,109,0.000e0,0,true,-100.15,-100.15,-5.88,-5.88
44100,route-indexed,pan-drag-800ms,60,15,662,109,1.919e-5,510,true,,,,
44100,route-indexed,mute,,20,882,1,8.404e-6,69447,true,-82.75,-82.74,13.15,13.16
44100,route-indexed,unmute,,20,882,1,8.047e-6,135,true,-82.67,-82.66,13.13,13.13
44100,route-indexed,gain-0-to-minus24db,,20,882,1,1.138e-5,1281,true,-83.30,-83.29,12.59,12.59
44100,route-indexed,pan-minus1-to-plus1,,20,882,1,8.404e-6,69447,true,,,,
44100,input-trim,gain-0-to-minus24db,,20,882,1,0.000e0,0,true,-83.30,-83.30,12.59,12.59
44100,route-indexed,fader-drag-800ms,30,20,882,55,2.402e-5,430,true,-99.37,-99.38,-6.32,-6.32
44100,input-trim,fader-drag-800ms,30,20,882,55,0.000e0,0,true,-99.37,-99.37,-6.32,-6.32
44100,route-indexed,pan-drag-800ms,30,20,882,55,2.295e-5,385,true,,,,
44100,route-indexed,fader-drag-800ms,60,20,882,109,2.384e-5,427,true,-101.40,-101.40,-6.26,-6.26
44100,input-trim,fader-drag-800ms,60,20,882,109,0.000e0,0,true,-101.40,-101.40,-6.26,-6.26
44100,route-indexed,pan-drag-800ms,60,20,882,109,2.468e-5,517,true,,,,
44100,route-indexed,mute,,30,1323,1,1.132e-5,179820,true,-86.64,-86.65,9.58,9.58
44100,route-indexed,unmute,,30,1323,1,1.043e-5,175,true,-86.49,-86.49,9.52,9.52
44100,route-indexed,gain-0-to-minus24db,,30,1323,1,4.828e-6,648,true,-87.17,-87.17,9.02,9.02
44100,route-indexed,pan-minus1-to-plus1,,30,1323,1,1.132e-5,179820,true,,,,
44100,input-trim,gain-0-to-minus24db,,30,1323,1,0.000e0,0,true,-87.17,-87.17,9.02,9.02
44100,route-indexed,fader-drag-800ms,30,30,1323,55,3.886e-5,652,true,-100.64,-100.65,-6.45,-6.45
44100,input-trim,fader-drag-800ms,30,30,1323,55,0.000e0,0,true,-100.64,-100.64,-6.45,-6.45
44100,route-indexed,pan-drag-800ms,30,30,1323,55,3.743e-5,628,true,,,,
44100,route-indexed,fader-drag-800ms,60,30,1323,109,3.260e-5,667,true,-101.43,-101.43,-6.54,-6.54
44100,input-trim,fader-drag-800ms,60,30,1323,109,0.000e0,0,true,-101.43,-101.43,-6.54,-6.54
44100,route-indexed,pan-drag-800ms,60,30,1323,109,3.004e-5,504,true,,,,
44100,route-indexed,mute,,40,1764,1,9.812e-6,165703,true,-88.37,-88.37,7.46,7.47
44100,route-indexed,unmute,,40,1764,1,9.596e-6,161,true,-88.26,-88.25,7.49,7.49
44100,route-indexed,gain-0-to-minus24db,,40,1764,1,1.711e-5,2208,true,-88.88,-88.87,6.89,6.90
44100,route-indexed,pan-minus1-to-plus1,,40,1764,1,9.812e-6,165703,true,,,,
44100,input-trim,gain-0-to-minus24db,,40,1764,1,0.000e0,0,true,-88.88,-88.88,6.89,6.89
44100,route-indexed,fader-drag-800ms,30,40,1764,55,4.679e-5,785,true,-101.42,-101.43,-6.84,-6.84
44100,input-trim,fader-drag-800ms,30,40,1764,55,0.000e0,0,true,-101.42,-101.42,-6.84,-6.84
44100,route-indexed,pan-drag-800ms,30,40,1764,55,4.667e-5,922,true,,,,
44100,route-indexed,fader-drag-800ms,60,40,1764,109,2.533e-5,849,true,-101.43,-101.43,-6.81,-6.81
44100,input-trim,fader-drag-800ms,60,40,1764,109,0.000e0,0,true,-101.43,-101.43,-6.81,-6.81
44100,route-indexed,pan-drag-800ms,60,40,1764,109,4.059e-5,1055,true,,,,
44100,route-indexed,mute,,50,2205,1,1.875e-5,426560,true,-90.45,-90.45,5.20,5.20
44100,route-indexed,unmute,,50,2205,1,1.240e-5,211,true,-90.36,-90.35,5.08,5.08
44100,route-indexed,gain-0-to-minus24db,,50,2205,1,2.545e-5,3035,true,-90.91,-90.90,4.65,4.65
44100,route-indexed,pan-minus1-to-plus1,,50,2205,1,1.875e-5,426560,true,,,,
44100,input-trim,gain-0-to-minus24db,,50,2205,1,0.000e0,0,true,-90.91,-90.91,4.65,4.65
44100,route-indexed,fader-drag-800ms,30,50,2205,55,3.952e-5,938,true,-101.44,-101.44,-7.11,-7.11
44100,input-trim,fader-drag-800ms,30,50,2205,55,0.000e0,0,true,-101.44,-101.44,-7.11,-7.11
44100,route-indexed,pan-drag-800ms,30,50,2205,55,6.402e-5,1580,true,,,,
44100,route-indexed,fader-drag-800ms,60,50,2205,109,3.934e-5,663,true,-101.44,-101.44,-7.08,-7.08
44100,input-trim,fader-drag-800ms,60,50,2205,109,0.000e0,0,true,-101.44,-101.44,-7.08,-7.08
44100,route-indexed,pan-drag-800ms,60,50,2205,109,3.630e-5,1190,true,,,,
48000,route-indexed,mute,,0,0,1,0.000e0,0,true,-36.27,-36.27,62.33,62.33
48000,route-indexed,unmute,,0,0,1,0.000e0,0,true,-36.27,-36.27,62.33,62.33
48000,route-indexed,gain-0-to-minus24db,,0,0,1,0.000e0,0,true,-36.84,-36.84,61.76,61.76
48000,route-indexed,pan-minus1-to-plus1,,0,0,1,0.000e0,0,true,,,,
48000,input-trim,gain-0-to-minus24db,,0,0,1,0.000e0,0,true,-36.84,-36.84,61.76,61.76
48000,route-indexed,fader-drag-800ms,30,0,0,55,0.000e0,0,true,-56.60,-56.60,41.96,41.96
48000,input-trim,fader-drag-800ms,30,0,0,55,0.000e0,0,true,-56.60,-56.60,41.96,41.96
48000,route-indexed,pan-drag-800ms,30,0,0,55,0.000e0,0,true,,,,
48000,route-indexed,fader-drag-800ms,60,0,0,109,0.000e0,0,true,-59.45,-59.45,36.37,36.37
48000,input-trim,fader-drag-800ms,60,0,0,109,0.000e0,0,true,-59.45,-59.45,36.37,36.37
48000,route-indexed,pan-drag-800ms,60,0,0,109,0.000e0,0,true,,,,
48000,route-indexed,mute,,1,48,1,5.066e-7,213,true,-56.27,-56.27,42.89,42.89
48000,route-indexed,unmute,,1,48,1,4.172e-7,7,true,-56.27,-56.27,42.89,42.89
48000,route-indexed,gain-0-to-minus24db,,1,48,1,5.215e-7,66,true,-56.83,-56.83,42.32,42.32
48000,route-indexed,pan-minus1-to-plus1,,1,48,1,5.066e-7,213,true,,,,
48000,input-trim,gain-0-to-minus24db,,1,48,1,0.000e0,0,true,-56.83,-56.83,42.32,42.32
48000,route-indexed,fader-drag-800ms,30,1,48,55,1.252e-6,23,true,-76.38,-76.38,22.85,22.85
48000,input-trim,fader-drag-800ms,30,1,48,55,0.000e0,0,true,-76.38,-76.38,22.85,22.85
48000,route-indexed,pan-drag-800ms,30,1,48,55,1.311e-6,22,true,,,,
48000,route-indexed,fader-drag-800ms,60,1,48,109,1.311e-6,23,true,-79.52,-79.52,16.58,16.58
48000,input-trim,fader-drag-800ms,60,1,48,109,0.000e0,0,true,-79.52,-79.52,16.58,16.58
48000,route-indexed,pan-drag-800ms,60,1,48,109,1.371e-6,23,true,,,,
48000,route-indexed,mute,,2,96,1,9.239e-7,759,true,-63.54,-63.54,34.99,34.99
48000,route-indexed,unmute,,2,96,1,6.557e-7,11,true,-63.54,-63.54,34.99,34.99
48000,route-indexed,gain-0-to-minus24db,,2,96,1,5.960e-7,79,true,-64.11,-64.11,34.43,34.43
48000,route-indexed,pan-minus1-to-plus1,,2,96,1,9.239e-7,759,true,,,,
48000,input-trim,gain-0-to-minus24db,,2,96,1,0.000e0,0,true,-64.11,-64.11,34.43,34.43
48000,route-indexed,fader-drag-800ms,30,2,96,55,2.742e-6,46,true,-83.41,-83.41,13.74,13.74
48000,input-trim,fader-drag-800ms,30,2,96,55,0.000e0,0,true,-83.41,-83.41,13.74,13.74
48000,route-indexed,pan-drag-800ms,30,2,96,55,2.801e-6,47,true,,,,
48000,route-indexed,fader-drag-800ms,60,2,96,109,2.801e-6,47,true,-86.79,-86.79,7.51,7.51
48000,input-trim,fader-drag-800ms,60,2,96,109,0.000e0,0,true,-86.79,-86.79,7.51,7.51
48000,route-indexed,pan-drag-800ms,60,2,96,109,2.742e-6,47,true,,,,
48000,route-indexed,mute,,3,144,1,1.937e-6,3711,true,-66.66,-66.66,30.52,30.52
48000,route-indexed,unmute,,3,144,1,1.729e-6,29,true,-66.66,-66.66,30.52,30.52
48000,route-indexed,gain-0-to-minus24db,,3,144,1,1.192e-6,86,true,-67.22,-67.22,29.96,29.96
48000,route-indexed,pan-minus1-to-plus1,,3,144,1,1.937e-6,3711,true,,,,
48000,input-trim,gain-0-to-minus24db,,3,144,1,0.000e0,0,true,-67.22,-67.22,29.96,29.96
48000,route-indexed,fader-drag-800ms,30,3,144,55,2.980e-6,65,true,-86.21,-86.21,10.13,10.13
48000,input-trim,fader-drag-800ms,30,3,144,55,0.000e0,0,true,-86.21,-86.21,10.13,10.13
48000,route-indexed,pan-drag-800ms,30,3,144,55,3.815e-6,64,true,,,,
48000,route-indexed,fader-drag-800ms,60,3,144,109,3.278e-6,65,true,-89.73,-89.73,3.91,3.91
48000,input-trim,fader-drag-800ms,60,3,144,109,0.000e0,0,true,-89.73,-89.73,3.91,3.91
48000,route-indexed,pan-drag-800ms,60,3,144,109,4.172e-6,70,true,,,,
48000,route-indexed,mute,,5,240,1,8.941e-7,1823,true,-70.85,-70.85,26.26,26.26
48000,route-indexed,unmute,,5,240,1,8.345e-7,14,true,-70.85,-70.85,26.27,26.26
48000,route-indexed,gain-0-to-minus24db,,5,240,1,2.742e-6,319,true,-71.42,-71.42,25.70,25.70
48000,route-indexed,pan-minus1-to-plus1,,5,240,1,8.941e-7,1823,true,,,,
48000,input-trim,gain-0-to-minus24db,,5,240,1,0.000e0,0,true,-71.42,-71.42,25.70,25.70
48000,route-indexed,fader-drag-800ms,30,5,240,55,6.139e-6,118,true,-91.79,-91.79,4.57,4.57
48000,input-trim,fader-drag-800ms,30,5,240,55,0.000e0,0,true,-91.79,-91.79,4.57,4.57
48000,route-indexed,pan-drag-800ms,30,5,240,55,6.378e-6,107,true,,,,
48000,route-indexed,fader-drag-800ms,60,5,240,109,7.033e-6,118,true,-93.61,-93.62,-1.49,-1.50
48000,input-trim,fader-drag-800ms,60,5,240,109,0.000e0,0,true,-93.61,-93.61,-1.49,-1.49
48000,route-indexed,pan-drag-800ms,60,5,240,109,6.914e-6,116,true,,,,
48000,route-indexed,mute,,10,480,1,6.646e-6,26729,true,-77.32,-77.32,18.26,18.26
48000,route-indexed,unmute,,10,480,1,6.199e-6,104,true,-77.29,-77.29,18.28,18.28
48000,route-indexed,gain-0-to-minus24db,,10,480,1,4.083e-6,524,true,-77.88,-77.88,17.70,17.70
48000,route-indexed,pan-minus1-to-plus1,,10,480,1,6.646e-6,26729,true,,,,
48000,input-trim,gain-0-to-minus24db,,10,480,1,0.000e0,0,true,-77.88,-77.88,17.70,17.70
48000,route-indexed,fader-drag-800ms,30,10,480,55,1.401e-5,235,true,-96.46,-96.46,-1.77,-1.78
48000,input-trim,fader-drag-800ms,30,10,480,55,0.000e0,0,true,-96.46,-96.46,-1.77,-1.77
48000,route-indexed,pan-drag-800ms,30,10,480,55,1.383e-5,234,true,,,,
48000,route-indexed,fader-drag-800ms,60,10,480,109,1.425e-5,239,true,-97.92,-97.92,-5.45,-5.44
48000,input-trim,fader-drag-800ms,60,10,480,109,0.000e0,0,true,-97.92,-97.92,-5.45,-5.45
48000,route-indexed,pan-drag-800ms,60,10,480,109,1.371e-5,230,true,,,,
48000,route-indexed,mute,,15,720,1,6.676e-6,43617,true,-80.68,-80.67,15.05,15.05
48000,route-indexed,unmute,,15,720,1,5.066e-6,85,true,-80.64,-80.64,15.06,15.06
48000,route-indexed,gain-0-to-minus24db,,15,720,1,1.034e-5,1276,true,-81.23,-81.23,14.49,14.49
48000,route-indexed,pan-minus1-to-plus1,,15,720,1,6.676e-6,43617,true,,,,
48000,input-trim,gain-0-to-minus24db,,15,720,1,0.000e0,0,true,-81.23,-81.23,14.49,14.49
48000,route-indexed,fader-drag-800ms,30,15,720,55,1.985e-5,353,true,-97.78,-97.79,-4.49,-4.49
48000,input-trim,fader-drag-800ms,30,15,720,55,0.000e0,0,true,-97.78,-97.78,-4.49,-4.49
48000,route-indexed,pan-drag-800ms,30,15,720,55,1.955e-5,336,true,,,,
48000,route-indexed,fader-drag-800ms,60,15,720,109,2.044e-5,347,true,-99.30,-99.31,-5.72,-5.72
48000,input-trim,fader-drag-800ms,60,15,720,109,0.000e0,0,true,-99.30,-99.30,-5.72,-5.72
48000,route-indexed,pan-drag-800ms,60,15,720,109,2.122e-5,356,true,,,,
48000,route-indexed,mute,,20,960,1,7.659e-6,39199,true,-83.26,-83.26,12.80,12.79
48000,route-indexed,unmute,,20,960,1,4.590e-6,104,true,-83.19,-83.19,12.78,12.78
48000,route-indexed,gain-0-to-minus24db,,20,960,1,1.255e-5,1431,true,-83.81,-83.81,12.23,12.23
48000,route-indexed,pan-minus1-to-plus1,,20,960,1,7.659e-6,39199,true,,,,
48000,input-trim,gain-0-to-minus24db,,20,960,1,0.000e0,0,true,-83.81,-83.81,12.23,12.23
48000,route-indexed,fader-drag-800ms,30,20,960,55,2.700e-5,453,true,-99.03,-99.03,-5.72,-5.72
48000,input-trim,fader-drag-800ms,30,20,960,55,0.000e0,0,true,-99.03,-99.03,-5.72,-5.72
48000,route-indexed,pan-drag-800ms,30,20,960,55,2.795e-5,469,true,,,,
48000,route-indexed,fader-drag-800ms,60,20,960,109,2.480e-5,448,true,-101.26,-101.26,-5.72,-5.72
48000,input-trim,fader-drag-800ms,60,20,960,109,0.000e0,0,true,-101.26,-101.26,-5.72,-5.72
48000,route-indexed,pan-drag-800ms,60,20,960,109,2.587e-5,434,true,,,,
48000,route-indexed,mute,,30,1440,1,1.001e-5,157793,true,-85.92,-85.92,10.11,10.11
48000,route-indexed,unmute,,30,1440,1,9.179e-6,154,true,-85.84,-85.84,10.11,10.11
48000,route-indexed,gain-0-to-minus24db,,30,1440,1,1.258e-5,1052,true,-86.45,-86.45,9.54,9.55
48000,route-indexed,pan-minus1-to-plus1,,30,1440,1,1.001e-5,157793,true,,,,
48000,input-trim,gain-0-to-minus24db,,30,1440,1,0.000e0,0,true,-86.45,-86.45,9.54,9.54
48000,route-indexed,fader-drag-800ms,30,30,1440,55,4.262e-5,715,true,-100.27,-100.29,-5.73,-5.73
48000,input-trim,fader-drag-800ms,30,30,1440,55,0.000e0,0,true,-100.27,-100.27,-5.73,-5.73
48000,route-indexed,pan-drag-800ms,30,30,1440,55,4.238e-5,713,true,,,,
48000,route-indexed,fader-drag-800ms,60,30,1440,109,3.254e-5,546,true,-101.16,-101.15,-5.75,-5.74
48000,input-trim,fader-drag-800ms,60,30,1440,109,0.000e0,0,true,-101.16,-101.16,-5.75,-5.75
48000,route-indexed,pan-drag-800ms,60,30,1440,109,3.546e-5,595,true,,,,
48000,route-indexed,mute,,40,1920,1,1.150e-5,170783,true,-88.67,-88.67,7.05,7.04
48000,route-indexed,unmute,,40,1920,1,9.954e-6,167,true,-88.60,-88.61,7.03,7.02
48000,route-indexed,gain-0-to-minus24db,,40,1920,1,1.884e-5,2436,true,-89.17,-89.16,6.47,6.48
48000,route-indexed,pan-minus1-to-plus1,,40,1920,1,1.150e-5,170783,true,,,,
48000,input-trim,gain-0-to-minus24db,,40,1920,1,0.000e0,0,true,-89.17,-89.17,6.47,6.47
48000,route-indexed,fader-drag-800ms,30,40,1920,55,4.631e-5,911,true,-101.25,-101.25,-5.89,-5.89
48000,input-trim,fader-drag-800ms,30,40,1920,55,0.000e0,0,true,-101.25,-101.25,-5.89,-5.89
48000,route-indexed,pan-drag-800ms,30,40,1920,55,4.923e-5,1098,true,,,,
48000,route-indexed,fader-drag-800ms,60,40,1920,109,3.040e-5,776,true,-101.28,-101.28,-5.90,-5.89
48000,input-trim,fader-drag-800ms,60,40,1920,109,0.000e0,0,true,-101.28,-101.28,-5.90,-5.90
48000,route-indexed,pan-drag-800ms,60,40,1920,109,4.357e-5,1080,true,,,,
48000,route-indexed,mute,,50,2400,1,3.526e-5,1194268,true,-90.24,-90.22,4.88,4.90
48000,route-indexed,unmute,,50,2400,1,3.475e-5,583,true,-90.26,-90.25,4.89,4.91
48000,route-indexed,gain-0-to-minus24db,,50,2400,1,3.326e-5,4043,true,-90.66,-90.67,4.36,4.34
48000,route-indexed,pan-minus1-to-plus1,,50,2400,1,3.526e-5,1194268,true,,,,
48000,input-trim,gain-0-to-minus24db,,50,2400,1,0.000e0,0,true,-90.66,-90.66,4.36,4.36
48000,route-indexed,fader-drag-800ms,30,50,2400,55,4.077e-5,927,true,-101.21,-101.21,-5.93,-5.93
48000,input-trim,fader-drag-800ms,30,50,2400,55,0.000e0,0,true,-101.21,-101.21,-5.93,-5.93
48000,route-indexed,pan-drag-800ms,30,50,2400,55,6.074e-5,1824,true,,,,
48000,route-indexed,fader-drag-800ms,60,50,2400,109,2.843e-5,785,true,-101.23,-101.23,-5.99,-5.99
48000,input-trim,fader-drag-800ms,60,50,2400,109,0.000e0,0,true,-101.23,-101.23,-5.99,-5.99
48000,route-indexed,pan-drag-800ms,60,50,2400,109,4.727e-5,927,true,,,,
88200,route-indexed,mute,,0,0,1,0.000e0,0,true,-36.92,-36.92,62.75,62.75
88200,route-indexed,unmute,,0,0,1,0.000e0,0,true,-36.92,-36.92,62.75,62.75
88200,route-indexed,gain-0-to-minus24db,,0,0,1,0.000e0,0,true,-37.49,-37.49,62.18,62.18
88200,route-indexed,pan-minus1-to-plus1,,0,0,1,0.000e0,0,true,,,,
88200,input-trim,gain-0-to-minus24db,,0,0,1,0.000e0,0,true,-37.49,-37.49,62.18,62.18
88200,route-indexed,fader-drag-800ms,30,0,0,55,0.000e0,0,true,-56.39,-56.39,41.81,41.81
88200,input-trim,fader-drag-800ms,30,0,0,55,0.000e0,0,true,-56.39,-56.39,41.81,41.81
88200,route-indexed,pan-drag-800ms,30,0,0,55,0.000e0,0,true,,,,
88200,route-indexed,fader-drag-800ms,60,0,0,109,0.000e0,0,true,-59.93,-59.93,35.54,35.54
88200,input-trim,fader-drag-800ms,60,0,0,109,0.000e0,0,true,-59.93,-59.93,35.54,35.54
88200,route-indexed,pan-drag-800ms,60,0,0,109,0.000e0,0,true,,,,
88200,route-indexed,mute,,1,88,1,7.600e-7,708,true,-56.35,-56.35,42.14,42.14
88200,route-indexed,unmute,,1,88,1,6.557e-7,11,true,-56.35,-56.35,42.14,42.14
88200,route-indexed,gain-0-to-minus24db,,1,88,1,1.788e-7,24,true,-56.92,-56.92,41.57,41.57
88200,route-indexed,pan-minus1-to-plus1,,1,88,1,7.600e-7,708,true,,,,
88200,input-trim,gain-0-to-minus24db,,1,88,1,0.000e0,0,true,-56.92,-56.92,41.57,41.57
88200,route-indexed,fader-drag-800ms,30,1,88,55,1.788e-6,42,true,-76.72,-76.72,22.09,22.09
88200,input-trim,fader-drag-800ms,30,1,88,55,0.000e0,0,true,-76.72,-76.72,22.09,22.09
88200,route-indexed,pan-drag-800ms,30,1,88,55,2.623e-6,44,true,,,,
88200,route-indexed,fader-drag-800ms,60,1,88,109,2.503e-6,44,true,-80.04,-80.04,15.82,15.82
88200,input-trim,fader-drag-800ms,60,1,88,109,0.000e0,0,true,-80.04,-80.04,15.82,15.82
88200,route-indexed,pan-drag-800ms,60,1,88,109,2.563e-6,43,true,,,,
88200,route-indexed,mute,,2,176,1,8.866e-7,1732,true,-63.64,-63.64,35.34,35.34
88200,route-indexed,unmute,,2,176,1,7.749e-7,13,true,-63.64,-63.64,35.34,35.34
88200,route-indexed,gain-0-to-minus24db,,2,176,1,2.712e-6,352,true,-64.21,-64.21,34.77,34.77
88200,route-indexed,pan-minus1-to-plus1,,2,176,1,8.866e-7,1732,true,,,,
88200,input-trim,gain-0-to-minus24db,,2,176,1,0.000e0,0,true,-64.21,-64.21,34.77,34.77
88200,route-indexed,fader-drag-800ms,30,2,176,55,5.066e-6,85,true,-83.83,-83.83,12.92,12.92
88200,input-trim,fader-drag-800ms,30,2,176,55,0.000e0,0,true,-83.83,-83.83,12.92,12.92
88200,route-indexed,pan-drag-800ms,30,2,176,55,5.245e-6,88,true,,,,
88200,route-indexed,fader-drag-800ms,60,2,176,109,5.186e-6,87,true,-86.95,-86.95,7.60,7.60
88200,input-trim,fader-drag-800ms,60,2,176,109,0.000e0,0,true,-86.95,-86.95,7.60,7.60
88200,route-indexed,pan-drag-800ms,60,2,176,109,5.126e-6,86,true,,,,
88200,route-indexed,mute,,3,265,1,2.980e-6,12672,true,-67.32,-67.32,30.76,30.76
88200,route-indexed,unmute,,3,265,1,2.921e-6,49,true,-67.31,-67.31,30.76,30.76
88200,route-indexed,gain-0-to-minus24db,,3,265,1,3.010e-6,359,true,-67.89,-67.89,30.20,30.20
88200,route-indexed,pan-minus1-to-plus1,,3,265,1,2.980e-6,12672,true,,,,
88200,input-trim,gain-0-to-minus24db,,3,265,1,0.000e0,0,true,-67.89,-67.89,30.20,30.20
88200,route-indexed,fader-drag-800ms,30,3,265,55,5.007e-6,109,true,-86.62,-86.62,9.98,9.98
88200,input-trim,fader-drag-800ms,30,3,265,55,0.000e0,0,true,-86.62,-86.62,9.98,9.98
88200,route-indexed,pan-drag-800ms,30,3,265,55,7.629e-6,128,true,,,,
88200,route-indexed,fader-drag-800ms,60,3,265,109,7.570e-6,132,true,-89.91,-89.91,3.72,3.72
88200,input-trim,fader-drag-800ms,60,3,265,109,0.000e0,0,true,-89.91,-89.91,3.72,3.72
88200,route-indexed,pan-drag-800ms,60,3,265,109,7.629e-6,128,true,,,,
88200,route-indexed,mute,,5,441,1,5.603e-6,21063,true,-70.65,-70.65,25.61,25.61
88200,route-indexed,unmute,,5,441,1,4.888e-6,82,true,-70.64,-70.64,25.61,25.61
88200,route-indexed,gain-0-to-minus24db,,5,441,1,3.964e-6,502,true,-71.22,-71.22,25.04,25.04
88200,route-indexed,pan-minus1-to-plus1,,5,441,1,5.603e-6,21063,true,,,,
88200,input-trim,gain-0-to-minus24db,,5,441,1,0.000e0,0,true,-71.22,-71.22,25.04,25.04
88200,route-indexed,fader-drag-800ms,30,5,441,55,1.258e-5,211,true,-91.22,-91.22,5.01,5.00
88200,input-trim,fader-drag-800ms,30,5,441,55,0.000e0,0,true,-91.22,-91.22,5.01,5.01
88200,route-indexed,pan-drag-800ms,30,5,441,55,1.270e-5,213,true,,,,
88200,route-indexed,fader-drag-800ms,60,5,441,109,1.127e-5,219,true,-94.02,-94.02,-0.61,-0.63
88200,input-trim,fader-drag-800ms,60,5,441,109,0.000e0,0,true,-94.02,-94.02,-0.61,-0.61
88200,route-indexed,pan-drag-800ms,60,5,441,109,1.264e-5,212,true,,,,
88200,route-indexed,mute,,10,882,1,8.404e-6,69447,true,-76.99,-76.99,19.06,19.06
88200,route-indexed,unmute,,10,882,1,8.047e-6,135,true,-76.95,-76.95,19.04,19.04
88200,route-indexed,gain-0-to-minus24db,,10,882,1,1.138e-5,1281,true,-77.55,-77.55,18.49,18.49
88200,route-indexed,pan-minus1-to-plus1,,10,882,1,8.404e-6,69447,true,,,,
88200,input-trim,gain-0-to-minus24db,,10,882,1,0.000e0,0,true,-77.55,-77.55,18.49,18.49
88200,route-indexed,fader-drag-800ms,30,10,882,55,2.402e-5,430,true,-96.06,-96.06,-1.88,-1.89
88200,input-trim,fader-drag-800ms,30,10,882,55,0.000e0,0,true,-96.06,-96.06,-1.88,-1.88
88200,route-indexed,pan-drag-800ms,30,10,882,55,2.295e-5,385,true,,,,
88200,route-indexed,fader-drag-800ms,60,10,882,109,2.420e-5,406,true,-98.08,-98.08,-4.67,-4.69
88200,input-trim,fader-drag-800ms,60,10,882,109,0.000e0,0,true,-98.08,-98.08,-4.67,-4.67
88200,route-indexed,pan-drag-800ms,60,10,882,109,2.617e-5,439,true,,,,
88200,route-indexed,mute,,15,1323,1,1.132e-5,179820,true,-80.80,-80.80,15.54,15.54
88200,route-indexed,unmute,,15,1323,1,1.043e-5,175,true,-80.74,-80.75,15.51,15.51
88200,route-indexed,gain-0-to-minus24db,,15,1323,1,4.828e-6,648,true,-81.36,-81.36,14.97,14.97
88200,route-indexed,pan-minus1-to-plus1,,15,1323,1,1.132e-5,179820,true,,,,
88200,input-trim,gain-0-to-minus24db,,15,1323,1,0.000e0,0,true,-81.36,-81.36,14.97,14.97
88200,route-indexed,fader-drag-800ms,30,15,1323,55,3.886e-5,652,true,-98.03,-98.03,-3.70,-3.70
88200,input-trim,fader-drag-800ms,30,15,1323,55,0.000e0,0,true,-98.03,-98.03,-3.70,-3.70
88200,route-indexed,pan-drag-800ms,30,15,1323,55,3.743e-5,628,true,,,,
88200,route-indexed,fader-drag-800ms,60,15,1323,109,3.755e-5,661,true,-99.42,-99.44,-5.27,-5.27
88200,input-trim,fader-drag-800ms,60,15,1323,109,0.000e0,0,true,-99.42,-99.42,-5.27,-5.27
88200,route-indexed,pan-drag-800ms,60,15,1323,109,3.827e-5,642,true,,,,
88200,route-indexed,mute,,20,1764,1,9.812e-6,165703,true,-83.27,-83.27,13.05,13.05
88200,route-indexed,unmute,,20,1764,1,9.596e-6,161,true,-83.19,-83.19,13.01,13.01
88200,route-indexed,gain-0-to-minus24db,,20,1764,1,1.711e-5,2208,true,-83.82,-83.82,12.49,12.49
88200,route-indexed,pan-minus1-to-plus1,,20,1764,1,9.812e-6,165703,true,,,,
88200,input-trim,gain-0-to-minus24db,,20,1764,1,0.000e0,0,true,-83.82,-83.82,12.49,12.49
88200,route-indexed,fader-drag-800ms,30,20,1764,55,4.476e-5,848,true,-99.42,-99.43,-5.07,-5.07
88200,input-trim,fader-drag-800ms,30,20,1764,55,0.000e0,0,true,-99.42,-99.42,-5.07,-5.07
88200,route-indexed,pan-drag-800ms,30,20,1764,55,5.037e-5,845,true,,,,
88200,route-indexed,fader-drag-800ms,60,20,1764,109,4.512e-5,1350,true,-101.41,-101.41,-6.23,-6.23
88200,input-trim,fader-drag-800ms,60,20,1764,109,0.000e0,0,true,-101.41,-101.41,-6.23,-6.23
88200,route-indexed,pan-drag-800ms,60,20,1764,109,4.762e-5,1334,true,,,,
88200,route-indexed,mute,,30,2646,1,3.186e-5,913812,true,-86.83,-86.83,9.55,9.55
88200,route-indexed,unmute,,30,2646,1,2.658e-5,446,true,-86.68,-86.68,9.49,9.49
88200,route-indexed,gain-0-to-minus24db,,30,2646,1,3.949e-5,5036,true,-87.36,-87.35,8.99,8.99
88200,route-indexed,pan-minus1-to-plus1,,30,2646,1,3.186e-5,913812,true,,,,
88200,input-trim,gain-0-to-minus24db,,30,2646,1,0.000e0,0,true,-87.36,-87.36,8.99,8.99
88200,route-indexed,fader-drag-800ms,30,30,2646,55,7.349e-5,1265,true,-100.34,-100.37,-5.54,-5.62
88200,input-trim,fader-drag-800ms,30,30,2646,55,0.000e0,0,true,-100.34,-100.34,-5.54,-5.54
88200,route-indexed,pan-drag-800ms,30,30,2646,55,7.552e-5,1267,true,,,,
88200,route-indexed,fader-drag-800ms,60,30,2646,109,6.694e-5,1705,true,-101.27,-101.30,-6.50,-6.50
88200,input-trim,fader-drag-800ms,60,30,2646,109,0.000e0,0,true,-101.27,-101.27,-6.50,-6.50
88200,route-indexed,pan-drag-800ms,60,30,2646,109,5.817e-5,1054,true,,,,
88200,route-indexed,mute,,40,3528,1,4.700e-5,1449177,true,-89.37,-89.38,7.08,7.08
88200,route-indexed,unmute,,40,3528,1,4.220e-5,708,true,-89.26,-89.27,6.99,6.99
88200,route-indexed,gain-0-to-minus24db,,40,3528,1,4.470e-5,4896,true,-89.85,-89.86,6.52,6.52
88200,route-indexed,pan-minus1-to-plus1,,40,3528,1,4.700e-5,1449177,true,,,,
88200,input-trim,gain-0-to-minus24db,,40,3528,1,0.000e0,0,true,-89.85,-89.85,6.52,6.52
88200,route-indexed,fader-drag-800ms,30,40,3528,55,7.838e-5,2186,true,-101.43,-101.42,-6.77,-6.77
88200,input-trim,fader-drag-800ms,30,40,3528,55,0.000e0,0,true,-101.43,-101.43,-6.77,-6.77
88200,route-indexed,pan-drag-800ms,30,40,3528,55,9.710e-5,1629,true,,,,
88200,route-indexed,fader-drag-800ms,60,40,3528,109,4.530e-5,1729,true,-101.44,-101.44,-6.77,-6.77
88200,input-trim,fader-drag-800ms,60,40,3528,109,0.000e0,0,true,-101.44,-101.44,-6.77,-6.77
88200,route-indexed,pan-drag-800ms,60,40,3528,109,7.445e-5,1648,true,,,,
88200,route-indexed,mute,,50,4410,1,4.697e-5,1998560,true,-91.16,-91.17,5.17,5.17
88200,route-indexed,unmute,,50,4410,1,4.077e-5,684,true,-91.10,-91.10,5.05,5.05
88200,route-indexed,gain-0-to-minus24db,,50,4410,1,4.470e-5,4614,true,-91.59,-91.60,4.62,4.62
88200,route-indexed,pan-minus1-to-plus1,,50,4410,1,4.697e-5,1998560,true,,,,
88200,input-trim,gain-0-to-minus24db,,50,4410,1,0.000e0,0,true,-91.59,-91.59,4.62,4.62
88200,route-indexed,fader-drag-800ms,30,50,4410,55,6.223e-5,2109,true,-101.44,-101.44,-7.05,-7.05
88200,input-trim,fader-drag-800ms,30,50,4410,55,0.000e0,0,true,-101.44,-101.44,-7.05,-7.05
88200,route-indexed,pan-drag-800ms,30,50,4410,55,9.805e-5,1768,true,,,,
88200,route-indexed,fader-drag-800ms,60,50,4410,109,1.202e-4,2015,true,-101.44,-101.45,-7.04,-7.04
88200,input-trim,fader-drag-800ms,60,50,4410,109,0.000e0,0,true,-101.44,-101.44,-7.04,-7.04
88200,route-indexed,pan-drag-800ms,60,50,4410,109,9.590e-5,1744,true,,,,
96000,route-indexed,mute,,0,0,1,0.000e0,0,true,-36.77,-36.77,62.28,62.28
96000,route-indexed,unmute,,0,0,1,0.000e0,0,true,-36.77,-36.77,62.28,62.28
96000,route-indexed,gain-0-to-minus24db,,0,0,1,0.000e0,0,true,-37.33,-37.33,61.71,61.71
96000,route-indexed,pan-minus1-to-plus1,,0,0,1,0.000e0,0,true,,,,
96000,input-trim,gain-0-to-minus24db,,0,0,1,0.000e0,0,true,-37.33,-37.33,61.71,61.71
96000,route-indexed,fader-drag-800ms,30,0,0,55,0.000e0,0,true,-56.62,-56.62,41.92,41.92
96000,input-trim,fader-drag-800ms,30,0,0,55,0.000e0,0,true,-56.62,-56.62,41.92,41.92
96000,route-indexed,pan-drag-800ms,30,0,0,55,0.000e0,0,true,,,,
96000,route-indexed,fader-drag-800ms,60,0,0,109,0.000e0,0,true,-60.33,-60.33,35.65,35.65
96000,input-trim,fader-drag-800ms,60,0,0,109,0.000e0,0,true,-60.33,-60.33,35.65,35.65
96000,route-indexed,pan-drag-800ms,60,0,0,109,0.000e0,0,true,,,,
96000,route-indexed,mute,,1,96,1,9.239e-7,759,true,-56.88,-56.88,42.81,42.81
96000,route-indexed,unmute,,1,96,1,6.557e-7,11,true,-56.88,-56.88,42.81,42.81
96000,route-indexed,gain-0-to-minus24db,,1,96,1,5.960e-7,79,true,-57.44,-57.44,42.24,42.24
96000,route-indexed,pan-minus1-to-plus1,,1,96,1,9.239e-7,759,true,,,,
96000,input-trim,gain-0-to-minus24db,,1,96,1,0.000e0,0,true,-57.44,-57.44,42.24,42.24
96000,route-indexed,fader-drag-800ms,30,1,96,55,2.742e-6,46,true,-76.28,-76.28,22.81,22.81
96000,input-trim,fader-drag-800ms,30,1,96,55,0.000e0,0,true,-76.28,-76.28,22.81,22.81
96000,route-indexed,pan-drag-800ms,30,1,96,55,2.801e-6,47,true,,,,
96000,route-indexed,fader-drag-800ms,60,1,96,109,2.801e-6,47,true,-79.92,-79.92,16.54,16.54
96000,input-trim,fader-drag-800ms,60,1,96,109,0.000e0,0,true,-79.92,-79.92,16.54,16.54
96000,route-indexed,pan-drag-800ms,60,1,96,109,2.742e-6,47,true,,,,
96000,route-indexed,mute,,2,192,1,1.937e-6,3317,true,-63.68,-63.68,34.37,34.37
96000,route-indexed,unmute,,2,192,1,1.550e-6,26,true,-63.68,-63.68,34.36,34.36
96000,route-indexed,gain-0-to-minus24db,,2,192,1,5.960e-7,80,true,-64.25,-64.25,33.80,33.80
96000,route-indexed,pan-minus1-to-plus1,,2,192,1,1.937e-6,3317,true,,,,
96000,input-trim,gain-0-to-minus24db,,2,192,1,0.000e0,0,true,-64.25,-64.25,33.80,33.80
96000,route-indexed,fader-drag-800ms,30,2,192,55,4.113e-6,94,true,-83.97,-83.97,13.70,13.70
96000,input-trim,fader-drag-800ms,30,2,192,55,0.000e0,0,true,-83.97,-83.97,13.70,13.70
96000,route-indexed,pan-drag-800ms,30,2,192,55,5.662e-6,95,true,,,,
96000,route-indexed,fader-drag-800ms,60,2,192,109,5.543e-6,94,true,-86.91,-86.91,8.32,8.32
96000,input-trim,fader-drag-800ms,60,2,192,109,0.000e0,0,true,-86.91,-86.91,8.32,8.32
96000,route-indexed,pan-drag-800ms,60,2,192,109,5.662e-6,95,true,,,,
96000,route-indexed,mute,,3,288,1,2.891e-6,11903,true,-67.03,-67.03,30.49,30.49
96000,route-indexed,unmute,,3,288,1,2.742e-6,46,true,-67.03,-67.03,30.48,30.48
96000,route-indexed,gain-0-to-minus24db,,3,288,1,3.397e-6,415,true,-67.60,-67.60,29.92,29.92
96000,route-indexed,pan-minus1-to-plus1,,3,288,1,2.891e-6,11903,true,,,,
96000,input-trim,gain-0-to-minus24db,,3,288,1,0.000e0,0,true,-67.60,-67.60,29.92,29.92
96000,route-indexed,fader-drag-800ms,30,3,288,55,8.345e-6,140,true,-86.76,-86.76,10.14,10.14
96000,input-trim,fader-drag-800ms,30,3,288,55,0.000e0,0,true,-86.76,-86.76,10.14,10.14
96000,route-indexed,pan-drag-800ms,30,3,288,55,8.047e-6,139,true,,,,
96000,route-indexed,fader-drag-800ms,60,3,288,109,8.523e-6,143,true,-90.23,-90.23,3.91,3.91
96000,input-trim,fader-drag-800ms,60,3,288,109,0.000e0,0,true,-90.23,-90.23,3.91,3.91
96000,route-indexed,pan-drag-800ms,60,3,288,109,8.345e-6,140,true,,,,
96000,route-indexed,mute,,5,480,1,6.646e-6,26729,true,-70.99,-70.99,26.20,26.20
96000,route-indexed,unmute,,5,480,1,6.199e-6,104,true,-70.99,-70.99,26.20,26.20
96000,route-indexed,gain-0-to-minus24db,,5,480,1,4.083e-6,524,true,-71.56,-71.56,25.64,25.64
96000,route-indexed,pan-minus1-to-plus1,,5,480,1,6.646e-6,26729,true,,,,
96000,input-trim,gain-0-to-minus24db,,5,480,1,0.000e0,0,true,-71.56,-71.56,25.64,25.64
96000,route-indexed,fader-drag-800ms,30,5,480,55,1.401e-5,235,true,-91.02,-91.03,4.56,4.56
96000,input-trim,fader-drag-800ms,30,5,480,55,0.000e0,0,true,-91.02,-91.02,4.56,4.56
96000,route-indexed,pan-drag-800ms,30,5,480,55,1.383e-5,234,true,,,,
96000,route-indexed,fader-drag-800ms,60,5,480,109,1.425e-5,239,true,-93.83,-93.83,-1.54,-1.55
96000,input-trim,fader-drag-800ms,60,5,480,109,0.000e0,0,true,-93.83,-93.83,-1.54,-1.54
96000,route-indexed,pan-drag-800ms,60,5,480,109,1.371e-5,230,true,,,,
96000,route-indexed,mute,,10,960,1,7.659e-6,39199,true,-77.32,-77.32,18.20,18.20
96000,route-indexed,unmute,,10,960,1,4.590e-6,104,true,-77.30,-77.30,18.22,18.22
96000,route-indexed,gain-0-to-minus24db,,10,960,1,1.255e-5,1431,true,-77.88,-77.88,17.63,17.63
96000,route-indexed,pan-minus1-to-plus1,,10,960,1,7.659e-6,39199,true,,,,
96000,input-trim,gain-0-to-minus24db,,10,960,1,0.000e0,0,true,-77.88,-77.88,17.63,17.63
96000,route-indexed,fader-drag-800ms,30,10,960,55,2.700e-5,453,true,-95.86,-95.85,-1.78,-1.78
96000,input-trim,fader-drag-800ms,30,10,960,55,0.000e0,0,true,-95.86,-95.86,-1.78,-1.78
96000,route-indexed,pan-drag-800ms,30,10,960,55,2.795e-5,469,true,,,,
96000,route-indexed,fader-drag-800ms,60,10,960,109,2.629e-5,473,true,-97.90,-97.90,-5.40,-5.40
96000,input-trim,fader-drag-800ms,60,10,960,109,0.000e0,0,true,-97.90,-97.90,-5.40,-5.40
96000,route-indexed,pan-drag-800ms,60,10,960,109,2.748e-5,461,true,,,,
96000,route-indexed,mute,,15,1440,1,1.001e-5,157793,true,-81.10,-81.10,15.02,15.02
96000,route-indexed,unmute,,15,1440,1,9.179e-6,154,true,-81.06,-81.06,15.04,15.04
96000,route-indexed,gain-0-to-minus24db,,15,1440,1,1.258e-5,1052,true,-81.65,-81.65,14.46,14.46
96000,route-indexed,pan-minus1-to-plus1,,15,1440,1,1.001e-5,157793,true,,,,
96000,input-trim,gain-0-to-minus24db,,15,1440,1,0.000e0,0,true,-81.65,-81.65,14.46,14.46
96000,route-indexed,fader-drag-800ms,30,15,1440,55,4.262e-5,715,true,-97.93,-97.95,-3.59,-3.59
96000,input-trim,fader-drag-800ms,30,15,1440,55,0.000e0,0,true,-97.93,-97.93,-3.59,-3.59
96000,route-indexed,pan-drag-800ms,30,15,1440,55,4.238e-5,713,true,,,,
96000,route-indexed,fader-drag-800ms,60,15,1440,109,4.286e-5,719,true,-99.45,-99.46,-5.72,-5.72
96000,input-trim,fader-drag-800ms,60,15,1440,109,0.000e0,0,true,-99.45,-99.45,-5.72,-5.72
96000,route-indexed,pan-drag-800ms,60,15,1440,109,4.166e-5,699,true,,,,
96000,route-indexed,mute,,20,1920,1,1.150e-5,170783,true,-83.42,-83.42,12.37,12.37
96000,route-indexed,unmute,,20,1920,1,9.954e-6,167,true,-83.35,-83.35,12.39,12.39
96000,route-indexed,gain-0-to-minus24db,,20,1920,1,1.884e-5,2436,true,-83.97,-83.97,11.80,11.80
96000,route-indexed,pan-minus1-to-plus1,,20,1920,1,1.150e-5,170783,true,,,,
96000,input-trim,gain-0-to-minus24db,,20,1920,1,0.000e0,0,true,-83.97,-83.97,11.80,11.80
96000,route-indexed,fader-drag-800ms,30,20,1920,55,4.852e-5,901,true,-99.24,-99.25,-5.72,-5.72
96000,input-trim,fader-drag-800ms,30,20,1920,55,0.000e0,0,true,-99.24,-99.24,-5.72,-5.72
96000,route-indexed,pan-drag-800ms,30,20,1920,55,5.406e-5,907,true,,,,
96000,route-indexed,fader-drag-800ms,60,20,1920,109,4.941e-5,1132,true,-101.27,-101.27,-5.72,-5.72
96000,input-trim,fader-drag-800ms,60,20,1920,109,0.000e0,0,true,-101.27,-101.27,-5.72,-5.72
96000,route-indexed,pan-drag-800ms,60,20,1920,109,5.192e-5,952,true,,,,
96000,route-indexed,mute,,30,2880,1,3.627e-5,1087231,true,-86.12,-86.13,10.07,10.07
96000,route-indexed,unmute,,30,2880,1,3.165e-5,531,true,-86.03,-86.04,10.07,10.07
96000,route-indexed,gain-0-to-minus24db,,30,2880,1,1.886e-5,2205,true,-86.66,-86.65,9.50,9.50
96000,route-indexed,pan-minus1-to-plus1,,30,2880,1,3.627e-5,1087231,true,,,,
96000,input-trim,gain-0-to-minus24db,,30,2880,1,0.000e0,0,true,-86.66,-86.66,9.50,9.50
96000,route-indexed,fader-drag-800ms,30,30,2880,55,8.416e-5,1412,true,-100.15,-100.18,-5.75,-5.71
96000,input-trim,fader-drag-800ms,30,30,2880,55,0.000e0,0,true,-100.15,-100.15,-5.75,-5.75
96000,route-indexed,pan-drag-800ms,30,30,2880,55,8.518e-5,2666,true,,,,
96000,route-indexed,fader-drag-800ms,60,30,2880,109,5.645e-5,1748,true,-101.14,-101.16,-5.69,-5.72
96000,input-trim,fader-drag-800ms,60,30,2880,109,0.000e0,0,true,-101.14,-101.14,-5.69,-5.69
96000,route-indexed,pan-drag-800ms,60,30,2880,109,7.337e-5,1231,true,,,,
96000,route-indexed,mute,,40,3840,1,1.341e-5,433951,true,-88.91,-88.91,7.70,7.70
96000,route-indexed,unmute,,40,3840,1,1.264e-5,212,true,-88.84,-88.84,7.69,7.69
96000,route-indexed,gain-0-to-minus24db,,40,3840,1,4.852e-5,5296,true,-89.39,-89.39,7.14,7.13
96000,route-indexed,pan-minus1-to-plus1,,40,3840,1,1.341e-5,433951,true,,,,
96000,input-trim,gain-0-to-minus24db,,40,3840,1,0.000e0,0,true,-89.39,-89.39,7.14,7.14
96000,route-indexed,fader-drag-800ms,30,40,3840,55,8.833e-5,1891,true,-101.25,-101.25,-5.88,-5.91
96000,input-trim,fader-drag-800ms,30,40,3840,55,0.000e0,0,true,-101.25,-101.25,-5.88,-5.88
96000,route-indexed,pan-drag-800ms,30,40,3840,55,1.072e-4,1799,true,,,,
96000,route-indexed,fader-drag-800ms,60,40,3840,109,7.254e-5,1293,true,-101.28,-101.28,-5.93,-5.91
96000,input-trim,fader-drag-800ms,60,40,3840,109,0.000e0,0,true,-101.28,-101.28,-5.93,-5.93
96000,route-indexed,pan-drag-800ms,60,40,3840,109,7.254e-5,1217,true,,,,
96000,route-indexed,mute,,50,4800,1,3.624e-5,1295076,true,-90.41,-90.42,4.86,4.86
96000,route-indexed,unmute,,50,4800,1,1.884e-5,583,true,-90.44,-90.45,4.88,4.88
96000,route-indexed,gain-0-to-minus24db,,50,4800,1,4.309e-5,3800,true,-90.86,-90.86,4.29,4.29
96000,route-indexed,pan-minus1-to-plus1,,50,4800,1,3.624e-5,1295076,true,,,,
96000,input-trim,gain-0-to-minus24db,,50,4800,1,0.000e0,0,true,-90.86,-90.86,4.29,4.29
96000,route-indexed,fader-drag-800ms,30,50,4800,55,1.323e-4,3031,true,-101.18,-101.21,-5.90,-5.90
96000,input-trim,fader-drag-800ms,30,50,4800,55,0.000e0,0,true,-101.18,-101.18,-5.90,-5.90
96000,route-indexed,pan-drag-800ms,30,50,4800,55,1.113e-4,1868,true,,,,
96000,route-indexed,fader-drag-800ms,60,50,4800,109,1.059e-4,1777,true,-101.22,-101.24,-5.99,-5.99
96000,input-trim,fader-drag-800ms,60,50,4800,109,0.000e0,0,true,-101.22,-101.22,-5.99,-5.99
96000,route-indexed,pan-drag-800ms,60,50,4800,109,1.352e-4,2268,true,,,,
