rate_hz,material,channel_correlation,setting,transition,ramp_ms,ramp_samples,events,step_db,splatter_db,hf_splatter_db,oob_db,oob_worst_db,oob_edge_hz,ctr_max_db,events_above_threshold
44100,mix,0.955,threshold=-19.194357 link=dual_mono<->maximum,link,0,0,24,-32.71,-56.97,-56.97,,,,,
44100,mix,0.955,threshold=-19.194357 link=dual_mono<->maximum,link,2,88,24,-32.71,-59.60,-76.00,,,,,
44100,mix,0.955,threshold=-19.194357 link=dual_mono<->maximum,link,5,221,24,-32.71,-63.36,-86.24,,,,,
44100,mix,0.955,threshold=-19.194357 link=dual_mono<->maximum,link,10,441,24,-32.71,-70.72,-91.45,,,,,
44100,mix,0.955,threshold=-19.194357 link=dual_mono<->maximum,link,20,882,24,-32.71,-76.13,-97.45,,,,,
44100,mix,0.955,threshold=-19.194357 link=dual_mono<->maximum,link,50,2205,24,-32.71,-84.40,-105.27,,,,,
44100,mix,0.955,threshold=-19.194357 link=dual_mono<->maximum,unlink,0,0,24,-32.71,-56.97,-56.97,,,,,
44100,mix,0.955,threshold=-19.194357 link=dual_mono<->maximum,unlink,2,88,24,-32.71,-59.60,-76.00,,,,,
44100,mix,0.955,threshold=-19.194357 link=dual_mono<->maximum,unlink,5,221,24,-32.71,-63.36,-86.24,,,,,
44100,mix,0.955,threshold=-19.194357 link=dual_mono<->maximum,unlink,10,441,24,-32.71,-70.72,-91.45,,,,,
44100,mix,0.955,threshold=-19.194357 link=dual_mono<->maximum,unlink,20,882,24,-32.71,-76.13,-97.45,,,,,
44100,mix,0.955,threshold=-19.194357 link=dual_mono<->maximum,unlink,50,2205,24,-32.71,-84.40,-105.27,,,,,
44100,mix-wide,0.060,threshold=-19.189379 link=dual_mono<->maximum,link,0,0,24,-20.60,-45.24,-46.76,,,,,
44100,mix-wide,0.060,threshold=-19.189379 link=dual_mono<->maximum,link,2,88,24,-20.60,-47.47,-62.40,,,,,
44100,mix-wide,0.060,threshold=-19.189379 link=dual_mono<->maximum,link,5,221,24,-20.60,-51.50,-72.87,,,,,
44100,mix-wide,0.060,threshold=-19.189379 link=dual_mono<->maximum,link,10,441,24,-20.60,-58.71,-78.46,,,,,
44100,mix-wide,0.060,threshold=-19.189379 link=dual_mono<->maximum,link,20,882,24,-20.60,-64.59,-84.85,,,,,
44100,mix-wide,0.060,threshold=-19.189379 link=dual_mono<->maximum,link,50,2205,24,-20.60,-72.51,-91.49,,,,,
44100,mix-wide,0.060,threshold=-19.189379 link=dual_mono<->maximum,unlink,0,0,24,-20.60,-45.24,-46.76,,,,,
44100,mix-wide,0.060,threshold=-19.189379 link=dual_mono<->maximum,unlink,2,88,24,-20.60,-47.47,-62.40,,,,,
44100,mix-wide,0.060,threshold=-19.189379 link=dual_mono<->maximum,unlink,5,221,24,-20.60,-51.50,-72.87,,,,,
44100,mix-wide,0.060,threshold=-19.189379 link=dual_mono<->maximum,unlink,10,441,24,-20.60,-58.71,-78.46,,,,,
44100,mix-wide,0.060,threshold=-19.189379 link=dual_mono<->maximum,unlink,20,882,24,-20.60,-64.59,-84.85,,,,,
44100,mix-wide,0.060,threshold=-19.189379 link=dual_mono<->maximum,unlink,50,2205,24,-20.60,-72.51,-91.49,,,,,
44100,bass-kick,0.010,threshold=-12.755697 link=dual_mono<->maximum,link,0,0,10,-18.76,-41.07,45.67,-53.08,-47.78,1500,51.98,10
44100,bass-kick,0.010,threshold=-12.755697 link=dual_mono<->maximum,link,2,88,10,-18.76,-44.17,17.28,-81.46,-76.97,1500,24.10,10
44100,bass-kick,0.010,threshold=-12.755697 link=dual_mono<->maximum,link,5,221,10,-18.76,-48.84,9.85,-88.89,-85.53,1500,14.35,10
44100,bass-kick,0.010,threshold=-12.755697 link=dual_mono<->maximum,link,10,441,10,-18.76,-57.40,4.38,-94.36,-90.92,1500,8.29,5
44100,bass-kick,0.010,threshold=-12.755697 link=dual_mono<->maximum,link,20,882,10,-18.76,-62.62,-2.67,-101.42,-96.70,1500,2.27,2
44100,bass-kick,0.010,threshold=-12.755697 link=dual_mono<->maximum,link,50,2205,10,-18.76,-71.53,-10.59,-109.34,-104.53,1500,-5.69,0
44100,bass-kick,0.010,threshold=-12.755697 link=dual_mono<->maximum,unlink,0,0,10,-18.76,-41.07,45.67,-53.08,-47.78,1500,51.98,10
44100,bass-kick,0.010,threshold=-12.755697 link=dual_mono<->maximum,unlink,2,88,10,-18.76,-44.17,17.28,-81.46,-76.97,1500,24.10,10
44100,bass-kick,0.010,threshold=-12.755697 link=dual_mono<->maximum,unlink,5,221,10,-18.76,-48.84,9.85,-88.89,-85.53,1500,14.35,10
44100,bass-kick,0.010,threshold=-12.755697 link=dual_mono<->maximum,unlink,10,441,10,-18.76,-57.40,4.38,-94.36,-90.92,1500,8.29,5
44100,bass-kick,0.010,threshold=-12.755697 link=dual_mono<->maximum,unlink,20,882,10,-18.76,-62.62,-2.67,-101.42,-96.70,1500,2.27,2
44100,bass-kick,0.010,threshold=-12.755697 link=dual_mono<->maximum,unlink,50,2205,10,-18.76,-71.53,-10.59,-109.34,-104.53,1500,-5.69,0
48000,mix,0.954,threshold=-19.028275 link=dual_mono<->maximum,link,0,0,24,-33.14,-57.05,-55.35,,,,,
48000,mix,0.954,threshold=-19.028275 link=dual_mono<->maximum,link,2,96,24,-33.14,-58.97,-75.82,,,,,
48000,mix,0.954,threshold=-19.028275 link=dual_mono<->maximum,link,5,240,24,-33.14,-62.92,-85.41,,,,,
48000,mix,0.954,threshold=-19.028275 link=dual_mono<->maximum,link,10,480,24,-33.14,-70.92,-90.92,,,,,
48000,mix,0.954,threshold=-19.028275 link=dual_mono<->maximum,link,20,960,24,-33.14,-76.09,-96.51,,,,,
48000,mix,0.954,threshold=-19.028275 link=dual_mono<->maximum,link,50,2400,24,-33.14,-84.70,-104.41,,,,,
48000,mix,0.954,threshold=-19.028275 link=dual_mono<->maximum,unlink,0,0,24,-33.14,-57.05,-55.35,,,,,
48000,mix,0.954,threshold=-19.028275 link=dual_mono<->maximum,unlink,2,96,24,-33.14,-58.97,-75.82,,,,,
48000,mix,0.954,threshold=-19.028275 link=dual_mono<->maximum,unlink,5,240,24,-33.14,-62.92,-85.41,,,,,
48000,mix,0.954,threshold=-19.028275 link=dual_mono<->maximum,unlink,10,480,24,-33.14,-70.92,-90.92,,,,,
48000,mix,0.954,threshold=-19.028275 link=dual_mono<->maximum,unlink,20,960,24,-33.14,-76.09,-96.51,,,,,
48000,mix,0.954,threshold=-19.028275 link=dual_mono<->maximum,unlink,50,2400,24,-33.14,-84.70,-104.41,,,,,
48000,mix-wide,0.095,threshold=-18.849771 link=dual_mono<->maximum,link,0,0,24,-21.04,-44.86,-46.80,,,,,
48000,mix-wide,0.095,threshold=-18.849771 link=dual_mono<->maximum,link,2,96,24,-21.04,-47.28,-63.36,,,,,
48000,mix-wide,0.095,threshold=-18.849771 link=dual_mono<->maximum,link,5,240,24,-21.04,-51.68,-74.32,,,,,
48000,mix-wide,0.095,threshold=-18.849771 link=dual_mono<->maximum,link,10,480,24,-21.04,-59.19,-79.44,,,,,
48000,mix-wide,0.095,threshold=-18.849771 link=dual_mono<->maximum,link,20,960,24,-21.04,-65.17,-85.06,,,,,
48000,mix-wide,0.095,threshold=-18.849771 link=dual_mono<->maximum,link,50,2400,24,-21.04,-72.55,-91.57,,,,,
48000,mix-wide,0.095,threshold=-18.849771 link=dual_mono<->maximum,unlink,0,0,24,-21.04,-44.86,-46.80,,,,,
48000,mix-wide,0.095,threshold=-18.849771 link=dual_mono<->maximum,unlink,2,96,24,-21.04,-47.28,-63.36,,,,,
48000,mix-wide,0.095,threshold=-18.849771 link=dual_mono<->maximum,unlink,5,240,24,-21.04,-51.68,-74.32,,,,,
48000,mix-wide,0.095,threshold=-18.849771 link=dual_mono<->maximum,unlink,10,480,24,-21.04,-59.19,-79.44,,,,,
48000,mix-wide,0.095,threshold=-18.849771 link=dual_mono<->maximum,unlink,20,960,24,-21.04,-65.17,-85.06,,,,,
48000,mix-wide,0.095,threshold=-18.849771 link=dual_mono<->maximum,unlink,50,2400,24,-21.04,-72.55,-91.57,,,,,
48000,bass-kick,0.010,threshold=-12.75522 link=dual_mono<->maximum,link,0,0,10,-18.83,-42.56,44.57,-54.74,-47.45,1500,51.23,10
48000,bass-kick,0.010,threshold=-12.75522 link=dual_mono<->maximum,link,2,96,10,-18.83,-45.64,15.99,-83.31,-77.11,1500,22.18,10
48000,bass-kick,0.010,threshold=-12.75522 link=dual_mono<->maximum,link,5,240,10,-18.83,-49.26,9.26,-90.04,-85.01,1500,13.45,10
48000,bass-kick,0.010,threshold=-12.75522 link=dual_mono<->maximum,link,10,480,10,-18.83,-57.77,4.03,-95.27,-90.80,1500,7.17,6
48000,bass-kick,0.010,threshold=-12.75522 link=dual_mono<->maximum,link,20,960,10,-18.83,-62.99,-3.95,-103.25,-96.93,1500,1.15,1
48000,bass-kick,0.010,threshold=-12.75522 link=dual_mono<->maximum,link,50,2400,10,-18.83,-71.73,-10.87,-110.17,-104.05,1500,-6.81,0
48000,bass-kick,0.010,threshold=-12.75522 link=dual_mono<->maximum,unlink,0,0,10,-18.83,-42.56,44.57,-54.74,-47.45,1500,51.23,10
48000,bass-kick,0.010,threshold=-12.75522 link=dual_mono<->maximum,unlink,2,96,10,-18.83,-45.64,15.99,-83.31,-77.11,1500,22.18,10
48000,bass-kick,0.010,threshold=-12.75522 link=dual_mono<->maximum,unlink,5,240,10,-18.83,-49.26,9.26,-90.04,-85.01,1500,13.45,10
48000,bass-kick,0.010,threshold=-12.75522 link=dual_mono<->maximum,unlink,10,480,10,-18.83,-57.77,4.03,-95.27,-90.80,1500,7.17,6
48000,bass-kick,0.010,threshold=-12.75522 link=dual_mono<->maximum,unlink,20,960,10,-18.83,-62.99,-3.95,-103.25,-96.93,1500,1.15,1
48000,bass-kick,0.010,threshold=-12.75522 link=dual_mono<->maximum,unlink,50,2400,10,-18.83,-71.73,-10.87,-110.17,-104.05,1500,-6.81,0
88200,mix,0.951,threshold=-18.857166 link=dual_mono<->maximum,link,0,0,24,-32.11,-56.69,-54.88,,,,,
88200,mix,0.951,threshold=-18.857166 link=dual_mono<->maximum,link,2,176,24,-32.11,-59.50,-74.65,,,,,
88200,mix,0.951,threshold=-18.857166 link=dual_mono<->maximum,link,5,441,24,-32.11,-61.89,-83.89,,,,,
88200,mix,0.951,threshold=-18.857166 link=dual_mono<->maximum,link,10,882,24,-32.11,-70.08,-89.40,,,,,
88200,mix,0.951,threshold=-18.857166 link=dual_mono<->maximum,link,20,1764,24,-32.11,-75.45,-95.37,,,,,
88200,mix,0.951,threshold=-18.857166 link=dual_mono<->maximum,link,50,4410,24,-32.11,-84.11,-103.38,,,,,
88200,mix,0.951,threshold=-18.857166 link=dual_mono<->maximum,unlink,0,0,24,-32.11,-56.69,-54.88,,,,,
88200,mix,0.951,threshold=-18.857166 link=dual_mono<->maximum,unlink,2,176,24,-32.11,-59.50,-74.65,,,,,
88200,mix,0.951,threshold=-18.857166 link=dual_mono<->maximum,unlink,5,441,24,-32.11,-61.89,-83.89,,,,,
88200,mix,0.951,threshold=-18.857166 link=dual_mono<->maximum,unlink,10,882,24,-32.11,-70.08,-89.40,,,,,
88200,mix,0.951,threshold=-18.857166 link=dual_mono<->maximum,unlink,20,1764,24,-32.11,-75.45,-95.37,,,,,
88200,mix,0.951,threshold=-18.857166 link=dual_mono<->maximum,unlink,50,4410,24,-32.11,-84.11,-103.38,,,,,
88200,mix-wide,0.084,threshold=-18.773567 link=dual_mono<->maximum,link,0,0,24,-21.09,-44.92,-45.15,,,,,
88200,mix-wide,0.084,threshold=-18.773567 link=dual_mono<->maximum,link,2,176,24,-21.09,-47.05,-62.33,,,,,
88200,mix-wide,0.084,threshold=-18.773567 link=dual_mono<->maximum,link,5,441,24,-21.09,-50.98,-71.85,,,,,
88200,mix-wide,0.084,threshold=-18.773567 link=dual_mono<->maximum,link,10,882,24,-21.09,-59.42,-77.64,,,,,
88200,mix-wide,0.084,threshold=-18.773567 link=dual_mono<->maximum,link,20,1764,24,-21.09,-65.08,-83.72,,,,,
88200,mix-wide,0.084,threshold=-18.773567 link=dual_mono<->maximum,link,50,4410,24,-21.09,-72.45,-90.36,,,,,
88200,mix-wide,0.084,threshold=-18.773567 link=dual_mono<->maximum,unlink,0,0,24,-21.09,-44.92,-45.15,,,,,
88200,mix-wide,0.084,threshold=-18.773567 link=dual_mono<->maximum,unlink,2,176,24,-21.09,-47.05,-62.33,,,,,
88200,mix-wide,0.084,threshold=-18.773567 link=dual_mono<->maximum,unlink,5,441,24,-21.09,-50.98,-71.85,,,,,
88200,mix-wide,0.084,threshold=-18.773567 link=dual_mono<->maximum,unlink,10,882,24,-21.09,-59.42,-77.64,,,,,
88200,mix-wide,0.084,threshold=-18.773567 link=dual_mono<->maximum,unlink,20,1764,24,-21.09,-65.08,-83.72,,,,,
88200,mix-wide,0.084,threshold=-18.773567 link=dual_mono<->maximum,unlink,50,4410,24,-21.09,-72.45,-90.36,,,,,
88200,bass-kick,0.010,threshold=-12.7555065 link=dual_mono<->maximum,link,0,0,10,-18.71,-41.13,45.82,-53.04,-47.98,1500,51.93,10
88200,bass-kick,0.010,threshold=-12.7555065 link=dual_mono<->maximum,link,2,176,10,-18.71,-44.41,17.57,-81.29,-77.04,1500,24.07,10
88200,bass-kick,0.010,threshold=-12.7555065 link=dual_mono<->maximum,link,5,441,10,-18.71,-48.80,9.47,-89.39,-85.59,1500,14.32,10
88200,bass-kick,0.010,threshold=-12.7555065 link=dual_mono<->maximum,link,10,882,10,-18.71,-57.14,4.31,-94.55,-90.97,1500,8.26,5
88200,bass-kick,0.010,threshold=-12.7555065 link=dual_mono<->maximum,link,20,1764,10,-18.71,-62.53,-2.47,-101.33,-96.76,1500,2.23,2
88200,bass-kick,0.010,threshold=-12.7555065 link=dual_mono<->maximum,link,50,4410,10,-18.71,-71.15,-9.81,-108.66,-104.61,1500,-5.73,0
88200,bass-kick,0.010,threshold=-12.7555065 link=dual_mono<->maximum,unlink,0,0,10,-18.71,-41.13,45.82,-53.04,-47.98,1500,51.93,10
88200,bass-kick,0.010,threshold=-12.7555065 link=dual_mono<->maximum,unlink,2,176,10,-18.71,-44.41,17.57,-81.29,-77.04,1500,24.07,10
88200,bass-kick,0.010,threshold=-12.7555065 link=dual_mono<->maximum,unlink,5,441,10,-18.71,-48.80,9.47,-89.39,-85.59,1500,14.32,10
88200,bass-kick,0.010,threshold=-12.7555065 link=dual_mono<->maximum,unlink,10,882,10,-18.71,-57.14,4.31,-94.55,-90.97,1500,8.26,5
88200,bass-kick,0.010,threshold=-12.7555065 link=dual_mono<->maximum,unlink,20,1764,10,-18.71,-62.53,-2.47,-101.33,-96.76,1500,2.23,2
88200,bass-kick,0.010,threshold=-12.7555065 link=dual_mono<->maximum,unlink,50,4410,10,-18.71,-71.15,-9.81,-108.66,-104.61,1500,-5.73,0
96000,mix,0.952,threshold=-19.2682 link=dual_mono<->maximum,link,0,0,24,-32.49,-57.83,-55.68,,,,,
96000,mix,0.952,threshold=-19.2682 link=dual_mono<->maximum,link,2,192,24,-32.49,-59.93,-74.16,,,,,
96000,mix,0.952,threshold=-19.2682 link=dual_mono<->maximum,link,5,480,24,-32.49,-63.59,-84.59,,,,,
96000,mix,0.952,threshold=-19.2682 link=dual_mono<->maximum,link,10,960,24,-32.49,-70.92,-89.55,,,,,
96000,mix,0.952,threshold=-19.2682 link=dual_mono<->maximum,link,20,1920,24,-32.49,-76.67,-94.65,,,,,
96000,mix,0.952,threshold=-19.2682 link=dual_mono<->maximum,link,50,4800,24,-32.49,-84.35,-102.78,,,,,
96000,mix,0.952,threshold=-19.2682 link=dual_mono<->maximum,unlink,0,0,24,-32.49,-57.83,-55.68,,,,,
96000,mix,0.952,threshold=-19.2682 link=dual_mono<->maximum,unlink,2,192,24,-32.49,-59.93,-74.16,,,,,
96000,mix,0.952,threshold=-19.2682 link=dual_mono<->maximum,unlink,5,480,24,-32.49,-63.59,-84.59,,,,,
96000,mix,0.952,threshold=-19.2682 link=dual_mono<->maximum,unlink,10,960,24,-32.49,-70.92,-89.55,,,,,
96000,mix,0.952,threshold=-19.2682 link=dual_mono<->maximum,unlink,20,1920,24,-32.49,-76.67,-94.65,,,,,
96000,mix,0.952,threshold=-19.2682 link=dual_mono<->maximum,unlink,50,4800,24,-32.49,-84.35,-102.78,,,,,
96000,mix-wide,0.049,threshold=-19.188168 link=dual_mono<->maximum,link,0,0,24,-20.85,-43.60,-42.64,,,,,
96000,mix-wide,0.049,threshold=-19.188168 link=dual_mono<->maximum,link,2,192,24,-20.85,-46.39,-60.63,,,,,
96000,mix-wide,0.049,threshold=-19.188168 link=dual_mono<->maximum,link,5,480,24,-20.85,-50.77,-71.16,,,,,
96000,mix-wide,0.049,threshold=-19.188168 link=dual_mono<->maximum,link,10,960,24,-20.85,-58.52,-76.16,,,,,
96000,mix-wide,0.049,threshold=-19.188168 link=dual_mono<->maximum,link,20,1920,24,-20.85,-64.46,-82.30,,,,,
96000,mix-wide,0.049,threshold=-19.188168 link=dual_mono<->maximum,link,50,4800,24,-20.85,-71.87,-89.07,,,,,
96000,mix-wide,0.049,threshold=-19.188168 link=dual_mono<->maximum,unlink,0,0,24,-20.85,-43.60,-42.64,,,,,
96000,mix-wide,0.049,threshold=-19.188168 link=dual_mono<->maximum,unlink,2,192,24,-20.85,-46.39,-60.63,,,,,
96000,mix-wide,0.049,threshold=-19.188168 link=dual_mono<->maximum,unlink,5,480,24,-20.85,-50.77,-71.16,,,,,
96000,mix-wide,0.049,threshold=-19.188168 link=dual_mono<->maximum,unlink,10,960,24,-20.85,-58.52,-76.16,,,,,
96000,mix-wide,0.049,threshold=-19.188168 link=dual_mono<->maximum,unlink,20,1920,24,-20.85,-64.46,-82.30,,,,,
96000,mix-wide,0.049,threshold=-19.188168 link=dual_mono<->maximum,unlink,50,4800,24,-20.85,-71.87,-89.07,,,,,
96000,bass-kick,0.010,threshold=-12.755373 link=dual_mono<->maximum,link,0,0,10,-18.76,-41.77,44.55,-54.91,-49.30,1500,49.70,10
96000,bass-kick,0.010,threshold=-12.755373 link=dual_mono<->maximum,link,2,192,10,-18.76,-44.80,17.87,-81.60,-77.00,1500,23.70,10
96000,bass-kick,0.010,threshold=-12.755373 link=dual_mono<->maximum,link,5,480,10,-18.76,-49.26,9.01,-90.45,-86.49,1500,12.41,9
96000,bass-kick,0.010,threshold=-12.755373 link=dual_mono<->maximum,link,10,960,10,-18.76,-57.48,4.54,-94.92,-91.29,1500,5.86,7
96000,bass-kick,0.010,threshold=-12.755373 link=dual_mono<->maximum,link,20,1920,10,-18.76,-62.66,-2.60,-102.06,-97.62,1500,0.04,1
96000,bass-kick,0.010,threshold=-12.755373 link=dual_mono<->maximum,link,50,4800,10,-18.76,-71.52,-10.51,-109.97,-105.92,1500,-8.11,0
96000,bass-kick,0.010,threshold=-12.755373 link=dual_mono<->maximum,unlink,0,0,10,-18.76,-41.77,44.55,-54.91,-49.30,1500,49.70,10
96000,bass-kick,0.010,threshold=-12.755373 link=dual_mono<->maximum,unlink,2,192,10,-18.76,-44.80,17.87,-81.60,-77.00,1500,23.70,10
96000,bass-kick,0.010,threshold=-12.755373 link=dual_mono<->maximum,unlink,5,480,10,-18.76,-49.26,9.01,-90.45,-86.49,1500,12.41,9
96000,bass-kick,0.010,threshold=-12.755373 link=dual_mono<->maximum,unlink,10,960,10,-18.76,-57.48,4.54,-94.92,-91.29,1500,5.86,7
96000,bass-kick,0.010,threshold=-12.755373 link=dual_mono<->maximum,unlink,20,1920,10,-18.76,-62.66,-2.60,-102.06,-97.62,1500,0.04,1
96000,bass-kick,0.010,threshold=-12.755373 link=dual_mono<->maximum,unlink,50,4800,10,-18.76,-71.52,-10.51,-109.97,-105.92,1500,-8.11,0
