rate_hz,material,ramp_ms,ramp_samples,shape,oob_db,ctr_max_db
48000,bass,1,48,engine-linear,-56.27,42.89
48000,bass,1,48,raised-cosine,-64.88,36.47
48000,bass,2,96,engine-linear,-63.54,34.99
48000,bass,2,96,raised-cosine,-76.10,19.38
48000,bass,3,144,engine-linear,-66.66,30.52
48000,bass,3,144,raised-cosine,-83.66,14.82
48000,bass,5,240,engine-linear,-70.85,26.26
48000,bass,5,240,raised-cosine,-91.42,5.27
48000,bass,10,480,engine-linear,-77.32,18.26
48000,bass,10,480,raised-cosine,-97.80,-4.93
48000,bass,20,960,engine-linear,-83.26,12.80
48000,bass,20,960,raised-cosine,-98.51,-4.93
48000,bass,50,2400,engine-linear,-90.24,4.88
48000,bass,50,2400,raised-cosine,-97.77,-4.93
48000,kick,1,48,engine-linear,-53.06,46.33
48000,kick,1,48,raised-cosine,-53.11,46.05
48000,kick,2,96,engine-linear,-58.52,41.36
48000,kick,2,96,raised-cosine,-67.57,28.15
48000,kick,3,144,engine-linear,-61.94,37.41
48000,kick,3,144,raised-cosine,-75.18,21.02
48000,kick,5,240,engine-linear,-66.30,29.39
48000,kick,5,240,raised-cosine,-84.10,12.12
48000,kick,10,480,engine-linear,-72.21,23.20
48000,kick,10,480,raised-cosine,-93.20,2.70
48000,kick,20,960,engine-linear,-78.32,17.06
48000,kick,20,960,raised-cosine,-96.30,0.44
48000,kick,50,2400,engine-linear,-86.43,9.08
48000,kick,50,2400,raised-cosine,-98.14,0.44
