rate_hz,ramp_ms,ramp_samples,mute_to_minus20db_ms,mute_to_minus40db_ms,mute_to_zero_ms,unmute_to_minus3db_ms,unmute_to_minus0p5db_ms,unmute_to_unity_ms
44100,0,0,0.00,0.00,0.00,0.00,0.00,0.00
44100,1,44,0.88,0.98,0.98,0.70,0.93,0.98
44100,2,88,1.79,1.97,1.97,1.41,1.88,1.97
44100,3,132,2.68,2.95,2.97,2.11,2.81,2.97
44100,5,221,4.49,4.94,4.99,3.54,4.72,4.99
44100,10,441,8.98,9.89,9.98,7.07,9.43,9.98
44100,20,882,17.98,19.80,19.98,14.15,18.87,19.98
44100,50,2205,44.99,49.48,49.98,35.40,47.19,49.98
48000,0,0,0.00,0.00,0.00,0.00,0.00,0.00
48000,1,48,0.90,0.98,0.98,0.69,0.94,0.98
48000,2,96,1.79,1.98,1.98,1.40,1.88,1.98
48000,3,144,2.69,2.96,2.98,2.10,2.81,2.98
48000,5,240,4.50,4.94,4.98,3.52,4.71,4.98
48000,10,480,8.98,9.90,9.98,7.06,9.44,9.98
48000,20,960,18.00,19.79,19.98,14.15,18.88,19.98
48000,50,2400,44.98,49.48,49.98,35.40,47.19,49.98
88200,0,0,0.00,0.00,0.00,0.00,0.00,0.00
88200,1,88,0.90,0.99,0.99,0.70,0.94,0.99
88200,2,176,1.79,1.97,1.98,1.41,1.88,1.98
88200,3,265,2.70,2.97,2.99,2.12,2.83,2.99
88200,5,441,4.49,4.94,4.99,3.54,4.72,4.99
88200,10,882,8.99,9.90,9.99,7.07,9.43,9.99
88200,20,1764,17.99,19.80,19.99,14.15,18.88,19.99
88200,50,4410,45.00,49.50,49.99,35.40,47.20,49.99
96000,0,0,0.00,0.00,0.00,0.00,0.00,0.00
96000,1,96,0.90,0.99,0.99,0.70,0.94,0.99
96000,2,192,1.79,1.98,1.99,1.41,1.89,1.99
96000,3,288,2.70,2.97,2.99,2.11,2.82,2.99
96000,5,480,4.49,4.95,4.99,3.53,4.72,4.99
96000,10,960,9.00,9.90,9.99,7.07,9.44,9.99
96000,20,1920,18.00,19.79,19.99,14.16,18.88,19.99
96000,50,4800,45.00,49.50,49.99,35.40,47.20,49.99
