rate_hz,material,update_hz,move_ms,ramp_ms,ramp_samples,splatter_db,ideal_splatter_db,oob_db,ideal_oob_db,ctr_max_db,ideal_ctr_max_db,gain_error_rms_db,gain_error_peak_db,lag_ms,added_lag_ms,power_dev_max_db
44100,bass,30,800,0,0,-50.93,-92.38,-63.15,-97.53,31.55,-6.37,0.097,0.312,18.16,0.00,0.000
44100,bass,30,800,2,88,-53.74,-92.38,-89.47,-97.53,4.26,-6.37,0.091,0.295,19.16,1.00,0.001
44100,bass,30,800,5,221,-58.16,-92.38,-94.72,-97.53,-4.29,-6.37,0.083,0.272,20.66,2.50,0.001
44100,bass,30,800,10,441,-67.32,-92.38,-96.65,-97.53,-6.30,-6.37,0.068,0.227,23.16,5.00,0.001
44100,bass,30,800,15,662,-69.74,-92.38,-97.13,-97.53,-6.36,-6.37,0.054,0.182,25.66,7.50,0.001
44100,bass,30,800,20,882,-72.39,-92.38,-97.29,-97.53,-6.39,-6.37,0.040,0.138,28.16,10.00,0.001
44100,bass,30,800,30,1323,-75.32,-92.38,-97.42,-97.53,-6.45,-6.37,0.013,0.051,33.16,15.00,0.001
44100,bass,30,800,40,1764,-91.65,-92.38,-97.53,-97.53,-6.50,-6.37,0.005,0.016,41.30,23.14,0.003
44100,bass,30,800,50,2205,-92.84,-92.38,-97.53,-97.53,-6.54,-6.37,0.007,0.037,51.07,32.91,0.005
44100,bass,30,200,0,0,-39.23,-75.12,-50.88,-97.49,42.94,-6.14,0.346,0.795,18.07,0.00,0.000
44100,bass,30,200,2,88,-42.11,-75.12,-78.14,-97.49,15.08,-6.14,0.332,0.795,19.07,1.00,0.019
44100,bass,30,200,5,221,-46.75,-75.12,-86.13,-97.49,5.91,-6.14,0.303,0.722,20.57,2.50,0.019
44100,bass,30,200,10,441,-56.08,-75.12,-91.74,-97.49,-0.83,-6.14,0.252,0.597,23.07,5.00,0.019
44100,bass,30,200,15,662,-58.40,-75.12,-93.83,-97.49,-4.35,-6.14,0.201,0.475,25.57,7.50,0.019
44100,bass,30,200,20,882,-61.13,-75.12,-94.72,-97.49,-6.14,-6.14,0.150,0.355,28.07,10.00,0.019
44100,bass,30,200,30,1323,-64.30,-75.12,-96.15,-97.49,-6.14,-6.14,0.052,0.123,33.07,15.00,0.019
44100,bass,30,200,40,1764,-73.80,-75.12,-97.47,-97.49,-6.14,-6.14,0.034,0.067,40.84,22.77,0.039
44100,bass,30,200,50,2205,-75.51,-75.12,-97.49,-97.49,-6.18,-6.14,0.067,0.116,49.77,31.70,0.075
44100,bass,60,800,0,0,-54.41,-92.38,-66.12,-97.53,26.26,-6.37,0.049,0.166,9.80,0.00,0.000
44100,bass,60,800,2,88,-57.45,-92.38,-91.88,-97.53,-1.67,-6.37,0.043,0.149,10.80,1.00,0.000
44100,bass,60,800,5,221,-62.18,-92.38,-95.91,-97.53,-6.23,-6.37,0.035,0.122,12.30,2.50,0.000
44100,bass,60,800,10,441,-69.19,-92.38,-97.06,-97.53,-6.31,-6.37,0.021,0.078,14.80,5.00,0.000
44100,bass,60,800,15,662,-75.16,-92.38,-97.37,-97.53,-6.37,-6.37,0.009,0.035,17.36,7.57,0.000
44100,bass,60,800,20,882,-90.70,-92.38,-97.53,-97.53,-6.42,-6.37,0.005,0.017,21.36,11.57,0.001
44100,bass,60,800,30,1323,-93.52,-92.38,-97.53,-97.53,-6.46,-6.37,0.004,0.014,31.23,21.43,0.002
44100,bass,60,800,40,1764,-94.63,-92.38,-97.53,-97.53,-6.50,-6.37,0.006,0.036,41.02,31.23,0.005
44100,bass,60,800,50,2205,-95.22,-92.38,-97.54,-97.53,-6.54,-6.37,0.011,0.068,50.73,40.93,0.008
44100,bass,60,200,0,0,-42.87,-75.12,-54.11,-97.49,36.80,-6.14,0.175,0.433,9.73,0.00,0.000
44100,bass,60,200,2,88,-46.08,-75.12,-81.26,-97.49,8.82,-6.14,0.154,0.386,10.73,1.00,0.005
44100,bass,60,200,5,221,-51.11,-75.12,-88.99,-97.49,0.17,-6.14,0.124,0.314,12.23,2.50,0.005
44100,bass,60,200,10,441,-58.27,-75.12,-93.64,-97.49,-4.05,-6.14,0.074,0.199,14.73,5.00,0.005
44100,bass,60,200,15,662,-64.07,-75.12,-95.88,-97.49,-6.14,-6.14,0.030,0.087,17.30,7.57,0.005
44100,bass,60,200,20,882,-74.62,-75.12,-97.48,-97.49,-6.14,-6.14,0.019,0.041,21.23,11.50,0.011
44100,bass,60,200,30,1323,-74.65,-75.12,-97.35,-97.49,-6.14,-6.14,0.034,0.069,30.66,20.93,0.033
44100,bass,60,200,40,1764,-76.75,-75.12,-97.51,-97.49,-6.14,-6.14,0.064,0.108,39.70,29.98,0.066
44100,bass,60,200,50,2205,-78.48,-75.12,-97.53,-97.49,-6.20,-6.14,0.096,0.165,48.34,38.61,0.108
48000,bass,30,800,0,0,-51.44,-92.50,-63.27,-97.43,32.56,-5.81,0.097,0.296,17.48,0.00,0.000
48000,bass,30,800,2,96,-53.75,-92.50,-89.19,-97.43,4.13,-5.81,0.092,0.291,18.48,1.00,0.001
48000,bass,30,800,5,240,-58.35,-92.50,-95.08,-97.43,-5.17,-5.81,0.083,0.264,19.98,2.50,0.001
48000,bass,30,800,10,480,-67.88,-92.50,-96.68,-97.43,-5.94,-5.81,0.069,0.220,22.48,5.00,0.001
48000,bass,30,800,15,720,-69.80,-92.50,-96.97,-97.43,-5.97,-5.81,0.054,0.175,24.98,7.50,0.001
48000,bass,30,800,20,960,-72.49,-92.50,-97.15,-97.43,-5.91,-5.81,0.040,0.134,27.48,10.00,0.001
48000,bass,30,800,30,1440,-75.48,-92.50,-97.32,-97.43,-5.95,-5.81,0.013,0.056,32.48,15.00,0.001
48000,bass,30,800,40,1920,-91.22,-92.50,-97.43,-97.43,-5.99,-5.81,0.006,0.027,40.65,23.17,0.003
48000,bass,30,800,50,2400,-91.66,-92.50,-97.43,-97.43,-6.03,-5.81,0.007,0.033,50.42,32.94,0.005
48000,bass,30,200,0,0,-40.70,-75.24,-52.88,-97.22,42.96,-5.83,0.348,0.995,17.75,0.00,0.000
48000,bass,30,200,2,96,-42.86,-75.24,-79.08,-97.22,14.69,-5.83,0.328,0.944,18.75,1.00,0.019
48000,bass,30,200,5,240,-47.25,-75.24,-87.63,-97.22,5.39,-5.83,0.296,0.723,20.25,2.50,0.019
48000,bass,30,200,10,480,-56.52,-75.24,-92.42,-97.22,-0.74,-5.83,0.244,0.599,22.75,5.00,0.019
48000,bass,30,200,15,720,-58.63,-75.24,-93.49,-97.22,-3.70,-5.83,0.193,0.476,25.25,7.50,0.019
48000,bass,30,200,20,960,-61.50,-75.24,-94.88,-97.22,-5.83,-5.83,0.142,0.357,27.75,10.00,0.019
48000,bass,30,200,30,1440,-64.72,-75.24,-96.18,-97.22,-5.83,-5.83,0.051,0.125,32.75,15.00,0.019
48000,bass,30,200,40,1920,-74.03,-75.24,-97.15,-97.22,-5.83,-5.83,0.045,0.095,40.58,22.83,0.041
48000,bass,30,200,50,2400,-74.55,-75.24,-97.12,-97.22,-5.68,-5.83,0.072,0.126,49.54,31.79,0.078
48000,bass,60,800,0,0,-54.31,-92.50,-65.89,-97.43,26.71,-5.81,0.049,0.164,9.40,0.00,0.000
48000,bass,60,800,2,96,-57.59,-92.50,-91.89,-97.43,-1.78,-5.81,0.043,0.147,10.40,1.00,0.000
48000,bass,60,800,5,240,-62.59,-92.50,-95.81,-97.43,-5.82,-5.81,0.035,0.121,11.90,2.50,0.000
48000,bass,60,800,10,480,-69.53,-92.50,-96.98,-97.43,-5.93,-5.81,0.021,0.077,14.40,5.00,0.000
48000,bass,60,800,15,720,-76.45,-92.50,-97.20,-97.43,-5.93,-5.81,0.009,0.037,16.90,7.50,0.000
48000,bass,60,800,20,960,-91.52,-92.50,-97.43,-97.43,-5.89,-5.81,0.005,0.019,21.00,11.60,0.001
48000,bass,60,800,30,1440,-91.82,-92.50,-97.43,-97.43,-5.94,-5.81,0.005,0.017,30.85,21.46,0.002
48000,bass,60,800,40,1920,-94.12,-92.50,-97.43,-97.43,-5.99,-5.81,0.006,0.035,40.62,31.23,0.005
48000,bass,60,800,50,2400,-93.55,-92.50,-97.43,-97.43,-6.04,-5.81,0.011,0.064,50.33,40.94,0.008
48000,bass,60,200,0,0,-43.26,-75.24,-55.02,-97.22,37.50,-5.83,0.176,0.479,9.54,0.00,0.000
48000,bass,60,200,2,96,-46.41,-75.24,-82.19,-97.22,8.46,-5.83,0.156,0.432,10.54,1.00,0.005
48000,bass,60,200,5,240,-51.06,-75.24,-89.11,-97.22,-0.60,-5.83,0.126,0.360,12.04,2.50,0.005
48000,bass,60,200,10,480,-57.90,-75.24,-93.63,-97.22,-5.80,-5.83,0.077,0.239,14.54,5.00,0.005
48000,bass,60,200,15,720,-65.21,-75.24,-94.99,-97.22,-5.83,-5.83,0.038,0.115,17.04,7.50,0.005
48000,bass,60,200,20,960,-75.23,-75.24,-97.15,-97.22,-5.83,-5.83,0.025,0.057,21.08,11.54,0.010
48000,bass,60,200,30,1440,-75.04,-75.24,-97.08,-97.22,-5.83,-5.83,0.040,0.076,30.48,20.94,0.034
48000,bass,60,200,40,1920,-77.07,-75.24,-97.22,-97.22,-5.83,-5.83,0.067,0.114,39.50,29.96,0.068
48000,bass,60,200,50,2400,-76.68,-75.24,-97.16,-97.22,-5.58,-5.83,0.098,0.169,48.15,38.60,0.110
88200,bass,30,800,0,0,-50.93,-92.38,-62.96,-97.53,31.61,-6.37,0.097,0.294,17.45,0.00,0.000
88200,bass,30,800,2,176,-53.78,-92.38,-89.51,-97.53,4.31,-6.37,0.091,0.286,18.44,0.99,0.001
88200,bass,30,800,5,441,-58.36,-92.38,-94.75,-97.53,-4.43,-6.37,0.082,0.259,19.94,2.49,0.001
88200,bass,30,800,10,882,-67.73,-92.38,-96.64,-97.53,-6.18,-6.37,0.068,0.214,22.45,5.00,0.001
88200,bass,30,800,15,1323,-69.57,-92.38,-97.09,-97.53,-6.31,-6.37,0.053,0.170,24.95,7.50,0.001
88200,bass,30,800,20,1764,-73.01,-92.38,-97.28,-97.53,-6.35,-6.37,0.039,0.126,27.44,9.99,0.001
88200,bass,30,800,30,2646,-74.84,-92.38,-97.37,-97.53,-6.36,-6.37,0.010,0.038,32.44,14.99,0.001
88200,bass,30,800,40,3528,-91.61,-92.38,-97.53,-97.53,-6.50,-6.37,0.004,0.013,40.64,23.18,0.003
88200,bass,30,800,50,4410,-93.19,-92.38,-97.53,-97.53,-6.54,-6.37,0.007,0.034,50.41,32.95,0.005
88200,bass,30,200,0,0,-39.71,-75.12,-51.78,-97.49,42.90,-6.14,0.345,0.926,17.35,0.00,0.000
88200,bass,30,200,2,176,-42.58,-75.12,-79.01,-97.49,14.72,-6.14,0.325,0.761,18.35,1.00,0.019
88200,bass,30,200,5,441,-47.16,-75.12,-86.47,-97.49,5.83,-6.14,0.294,0.685,19.86,2.51,0.019
88200,bass,30,200,10,882,-56.41,-75.12,-91.47,-97.49,-0.85,-6.14,0.242,0.561,22.36,5.01,0.019
88200,bass,30,200,15,1323,-58.38,-75.12,-93.75,-97.49,-3.04,-6.14,0.190,0.440,24.86,7.51,0.019
88200,bass,30,200,20,1764,-61.73,-75.12,-95.14,-97.49,-6.14,-6.14,0.139,0.321,27.36,10.01,0.019
88200,bass,30,200,30,2646,-63.91,-75.12,-96.25,-97.49,-6.14,-6.14,0.039,0.090,32.35,15.00,0.019
88200,bass,30,200,40,3528,-74.17,-75.12,-97.41,-97.49,-6.14,-6.14,0.035,0.062,40.11,22.76,0.037
88200,bass,30,200,50,4410,-75.85,-75.12,-97.45,-97.49,-6.21,-6.14,0.067,0.114,49.09,31.74,0.073
88200,bass,60,800,0,0,-54.53,-92.38,-66.31,-97.53,25.64,-6.37,0.049,0.154,9.08,0.00,0.000
88200,bass,60,800,2,176,-57.62,-92.38,-91.96,-97.53,-1.64,-6.37,0.043,0.136,10.07,0.99,0.000
88200,bass,60,800,5,441,-62.55,-92.38,-95.98,-97.53,-6.12,-6.37,0.034,0.110,11.58,2.50,0.000
88200,bass,60,800,10,882,-69.23,-92.38,-97.07,-97.53,-6.36,-6.37,0.020,0.066,14.08,5.00,0.000
88200,bass,60,800,15,1323,-75.90,-92.38,-97.28,-97.53,-6.33,-6.37,0.006,0.023,16.57,7.49,0.001
88200,bass,60,800,20,1764,-91.91,-92.38,-97.53,-97.53,-6.42,-6.37,0.002,0.008,20.68,11.60,0.001
88200,bass,60,800,30,2646,-92.07,-92.38,-97.53,-97.53,-6.46,-6.37,0.003,0.011,30.56,21.48,0.002
88200,bass,60,800,40,3528,-94.22,-92.38,-97.54,-97.53,-6.50,-6.37,0.006,0.034,40.34,31.26,0.005
88200,bass,60,800,50,4410,-95.77,-92.38,-97.54,-97.53,-6.54,-6.37,0.011,0.066,50.03,40.95,0.008
88200,bass,60,200,0,0,-43.40,-75.12,-55.07,-97.49,36.68,-6.14,0.173,0.429,9.01,0.00,0.000
88200,bass,60,200,2,176,-46.64,-75.12,-82.00,-97.49,8.72,-6.14,0.153,0.382,10.01,1.00,0.005
88200,bass,60,200,5,441,-51.61,-75.12,-89.21,-97.49,0.09,-6.14,0.122,0.310,11.51,2.50,0.005
88200,bass,60,200,10,882,-58.48,-75.12,-93.56,-97.49,-6.14,-6.14,0.071,0.187,14.01,5.00,0.005
88200,bass,60,200,15,1323,-64.50,-75.12,-95.16,-97.49,-6.14,-6.14,0.022,0.063,16.51,7.50,0.005
88200,bass,60,200,20,1764,-74.80,-75.12,-97.47,-97.49,-6.14,-6.14,0.011,0.023,20.51,11.50,0.010
88200,bass,60,200,30,2646,-74.81,-75.12,-97.35,-97.49,-6.14,-6.14,0.033,0.055,29.95,20.94,0.032
88200,bass,60,200,40,3528,-76.96,-75.12,-97.50,-97.49,-6.14,-6.14,0.063,0.104,39.00,29.99,0.066
88200,bass,60,200,50,4410,-78.66,-75.12,-97.53,-97.49,-6.16,-6.14,0.096,0.161,47.67,38.66,0.107
96000,bass,30,800,0,0,-51.30,-92.50,-63.21,-97.43,32.53,-5.81,0.097,0.309,16.79,0.00,0.000
96000,bass,30,800,2,192,-53.97,-92.50,-89.78,-97.43,4.00,-5.81,0.091,0.294,17.79,1.00,0.001
96000,bass,30,800,5,480,-58.58,-92.50,-94.82,-97.43,-4.55,-5.81,0.083,0.271,19.29,2.50,0.001
96000,bass,30,800,10,960,-68.05,-92.50,-96.53,-97.43,-5.95,-5.81,0.068,0.226,21.79,5.00,0.001
96000,bass,30,800,15,1440,-69.75,-92.50,-96.99,-97.43,-5.96,-5.81,0.054,0.182,24.29,7.50,0.001
96000,bass,30,800,20,1920,-73.16,-92.50,-97.19,-97.43,-5.88,-5.81,0.039,0.137,26.79,10.00,0.001
96000,bass,30,800,30,2880,-75.14,-92.50,-97.27,-97.43,-5.95,-5.81,0.011,0.050,31.79,15.00,0.002
96000,bass,30,800,40,3840,-91.76,-92.50,-97.43,-97.43,-5.98,-5.81,0.004,0.021,40.00,23.21,0.003
96000,bass,30,800,50,4800,-92.12,-92.50,-97.43,-97.43,-6.03,-5.81,0.006,0.028,49.76,32.97,0.005
96000,bass,30,200,0,0,-39.96,-75.24,-52.04,-97.22,42.92,-5.83,0.347,0.966,16.99,0.00,0.000
96000,bass,30,200,2,192,-42.80,-75.24,-79.21,-97.22,14.65,-5.83,0.322,0.915,17.99,1.00,0.019
96000,bass,30,200,5,480,-47.15,-75.24,-86.26,-97.22,6.20,-5.83,0.290,0.685,19.49,2.50,0.019
96000,bass,30,200,10,960,-56.51,-75.24,-91.33,-97.22,-0.23,-5.83,0.239,0.561,21.99,5.00,0.019
96000,bass,30,200,15,1440,-58.57,-75.24,-93.62,-97.22,-2.98,-5.83,0.187,0.439,24.49,7.50,0.019
96000,bass,30,200,20,1920,-61.66,-75.24,-94.93,-97.22,-5.83,-5.83,0.136,0.330,26.99,10.00,0.019
96000,bass,30,200,30,2880,-64.12,-75.24,-96.00,-97.22,-5.83,-5.83,0.041,0.117,31.99,15.00,0.019
96000,bass,30,200,40,3840,-74.67,-75.24,-97.15,-97.22,-5.83,-5.83,0.042,0.079,39.76,22.77,0.040
96000,bass,30,200,50,4800,-75.04,-75.24,-97.09,-97.22,-5.52,-5.83,0.071,0.127,48.75,31.76,0.075
96000,bass,60,800,0,0,-54.98,-92.50,-66.74,-97.43,26.55,-5.81,0.049,0.153,8.73,0.00,0.000
96000,bass,60,800,2,192,-58.03,-92.50,-92.02,-97.43,-1.34,-5.81,0.043,0.136,9.73,1.00,0.000
96000,bass,60,800,5,480,-63.17,-92.50,-95.92,-97.43,-5.67,-5.81,0.034,0.111,11.23,2.50,0.000
96000,bass,60,800,10,960,-70.07,-92.50,-96.97,-97.43,-5.84,-5.81,0.020,0.070,13.73,5.00,0.000
96000,bass,60,800,15,1440,-76.40,-92.50,-97.20,-97.43,-5.88,-5.81,0.006,0.029,16.23,7.50,0.001
96000,bass,60,800,20,1920,-92.08,-92.50,-97.43,-97.43,-5.90,-5.81,0.002,0.014,20.34,11.61,0.001
96000,bass,60,800,30,2880,-92.21,-92.50,-97.43,-97.43,-5.94,-5.81,0.003,0.015,30.20,21.47,0.003
96000,bass,60,800,40,3840,-94.46,-92.50,-97.43,-97.43,-5.99,-5.81,0.006,0.033,40.00,31.27,0.005
96000,bass,60,800,50,4800,-93.83,-92.50,-97.42,-97.43,-6.04,-5.81,0.011,0.064,49.68,40.95,0.008
96000,bass,60,200,0,0,-43.67,-75.24,-55.54,-97.22,36.71,-5.83,0.174,0.450,8.82,0.00,0.000
96000,bass,60,200,2,192,-46.84,-75.24,-82.08,-97.22,9.44,-5.83,0.153,0.403,9.82,1.00,0.005
96000,bass,60,200,5,480,-51.55,-75.24,-89.09,-97.22,0.43,-5.83,0.122,0.331,11.32,2.50,0.005
96000,bass,60,200,10,960,-58.54,-75.24,-93.48,-97.22,-5.83,-5.83,0.072,0.209,13.82,5.00,0.005
96000,bass,60,200,15,1440,-64.85,-75.24,-95.13,-97.22,-5.83,-5.83,0.025,0.084,16.32,7.50,0.005
96000,bass,60,200,20,1920,-75.00,-75.24,-97.19,-97.22,-5.83,-5.83,0.017,0.042,20.34,11.52,0.010
96000,bass,60,200,30,2880,-75.08,-75.24,-97.10,-97.22,-5.83,-5.83,0.037,0.065,29.78,20.96,0.033
96000,bass,60,200,40,3840,-77.24,-75.24,-97.22,-97.22,-5.83,-5.83,0.066,0.113,38.82,30.00,0.067
96000,bass,60,200,50,4800,-76.82,-75.24,-97.18,-97.22,-5.64,-5.83,0.097,0.164,47.48,38.66,0.109
