rate_hz,from,to,ramp_ms,ramp_samples,power_min_db,time_below_minus1db_ms
44100,-1,1,0,0,0.000,0.00
44100,-1,1,2,88,-3.010,1.52
44100,-1,1,5,221,-3.010,3.85
44100,-1,1,10,441,-3.010,7.66
44100,-1,1,15,662,-3.010,11.50
44100,-1,1,20,882,-3.010,15.35
44100,-1,1,30,1323,-3.010,23.04
44100,-1,1,40,1764,-3.010,30.68
44100,-1,1,50,2205,-3.011,38.37
44100,0,-1,0,0,-0.000,0.00
44100,0,-1,2,88,-0.688,0.00
44100,0,-1,5,221,-0.688,0.00
44100,0,-1,10,441,-0.688,0.00
44100,0,-1,15,662,-0.688,0.00
44100,0,-1,20,882,-0.688,0.00
44100,0,-1,30,1323,-0.688,0.00
44100,0,-1,40,1764,-0.688,0.00
44100,0,-1,50,2205,-0.687,0.00
44100,-0.5,0.5,0,0,-0.000,0.00
44100,-0.5,0.5,2,88,-0.688,0.00
44100,-0.5,0.5,5,221,-0.688,0.00
44100,-0.5,0.5,10,441,-0.688,0.00
44100,-0.5,0.5,15,662,-0.688,0.00
44100,-0.5,0.5,20,882,-0.688,0.00
44100,-0.5,0.5,30,1323,-0.688,0.00
44100,-0.5,0.5,40,1764,-0.688,0.00
44100,-0.5,0.5,50,2205,-0.688,0.00
48000,-1,1,0,0,0.000,0.00
48000,-1,1,2,96,-3.010,1.52
48000,-1,1,5,240,-3.010,3.85
48000,-1,1,10,480,-3.010,7.69
48000,-1,1,15,720,-3.010,11.52
48000,-1,1,20,960,-3.010,15.35
48000,-1,1,30,1440,-3.010,23.02
48000,-1,1,40,1920,-3.010,30.69
48000,-1,1,50,2400,-3.011,38.35
48000,0,-1,0,0,-0.000,0.00
48000,0,-1,2,96,-0.688,0.00
48000,0,-1,5,240,-0.688,0.00
48000,0,-1,10,480,-0.688,0.00
48000,0,-1,15,720,-0.688,0.00
48000,0,-1,20,960,-0.688,0.00
48000,0,-1,30,1440,-0.688,0.00
48000,0,-1,40,1920,-0.688,0.00
48000,0,-1,50,2400,-0.688,0.00
48000,-0.5,0.5,0,0,-0.000,0.00
48000,-0.5,0.5,2,96,-0.688,0.00
48000,-0.5,0.5,5,240,-0.688,0.00
48000,-0.5,0.5,10,480,-0.688,0.00
48000,-0.5,0.5,15,720,-0.688,0.00
48000,-0.5,0.5,20,960,-0.688,0.00
48000,-0.5,0.5,30,1440,-0.688,0.00
48000,-0.5,0.5,40,1920,-0.688,0.00
48000,-0.5,0.5,50,2400,-0.688,0.00
88200,-1,1,0,0,0.000,0.00
88200,-1,1,2,176,-3.010,1.53
88200,-1,1,5,441,-3.010,3.83
88200,-1,1,10,882,-3.010,7.68
88200,-1,1,15,1323,-3.010,11.52
88200,-1,1,20,1764,-3.010,15.34
88200,-1,1,30,2646,-3.011,23.03
88200,-1,1,40,3528,-3.010,30.69
88200,-1,1,50,4410,-3.010,38.36
88200,0,-1,0,0,-0.000,0.00
88200,0,-1,2,176,-0.688,0.00
88200,0,-1,5,441,-0.688,0.00
88200,0,-1,10,882,-0.688,0.00
88200,0,-1,15,1323,-0.688,0.00
88200,0,-1,20,1764,-0.688,0.00
88200,0,-1,30,2646,-0.688,0.00
88200,0,-1,40,3528,-0.688,0.00
88200,0,-1,50,4410,-0.688,0.00
88200,-0.5,0.5,0,0,-0.000,0.00
88200,-0.5,0.5,2,176,-0.688,0.00
88200,-0.5,0.5,5,441,-0.688,0.00
88200,-0.5,0.5,10,882,-0.688,0.00
88200,-0.5,0.5,15,1323,-0.688,0.00
88200,-0.5,0.5,20,1764,-0.688,0.00
88200,-0.5,0.5,30,2646,-0.688,0.00
88200,-0.5,0.5,40,3528,-0.688,0.00
88200,-0.5,0.5,50,4410,-0.688,0.00
96000,-1,1,0,0,0.000,0.00
96000,-1,1,2,192,-3.010,1.53
96000,-1,1,5,480,-3.010,3.84
96000,-1,1,10,960,-3.010,7.68
96000,-1,1,15,1440,-3.010,11.51
96000,-1,1,20,1920,-3.010,15.34
96000,-1,1,30,2880,-3.010,23.01
96000,-1,1,40,3840,-3.010,30.70
96000,-1,1,50,4800,-3.010,38.36
96000,0,-1,0,0,-0.000,0.00
96000,0,-1,2,192,-0.688,0.00
96000,0,-1,5,480,-0.688,0.00
96000,0,-1,10,960,-0.688,0.00
96000,0,-1,15,1440,-0.688,0.00
96000,0,-1,20,1920,-0.688,0.00
96000,0,-1,30,2880,-0.688,0.00
96000,0,-1,40,3840,-0.687,0.00
96000,0,-1,50,4800,-0.688,0.00
96000,-0.5,0.5,0,0,-0.000,0.00
96000,-0.5,0.5,2,192,-0.688,0.00
96000,-0.5,0.5,5,480,-0.688,0.00
96000,-0.5,0.5,10,960,-0.688,0.00
96000,-0.5,0.5,15,1440,-0.688,0.00
96000,-0.5,0.5,20,1920,-0.688,0.00
96000,-0.5,0.5,30,2880,-0.688,0.00
96000,-0.5,0.5,40,3840,-0.688,0.00
96000,-0.5,0.5,50,4800,-0.688,0.00
