rate_hz,material,transition,ramp_ms,ramp_samples,events,splatter_db,hf_splatter_db,oob_db,oob_worst_db,oob_floor_db,oob_edge_hz,ctr_max_db,events_above_threshold
44100,bass,invert,0,0,16,-17.63,64.66,-29.83,-24.86,-94.49,1500,68.98,16
44100,bass,invert,2,88,16,-20.38,37.49,-57.00,-54.00,-94.49,1500,41.11,16
44100,bass,invert,5,221,16,-24.52,29.84,-64.65,-60.84,-94.49,1500,31.48,16
44100,bass,invert,10,441,16,-33.69,23.46,-71.01,-68.06,-94.49,1500,25.10,16
44100,bass,invert,20,882,16,-37.51,17.68,-76.76,-73.43,-94.49,1500,19.16,16
44100,bass,invert,50,2205,16,-45.66,9.32,-84.82,-80.75,-94.49,1500,11.15,16
44100,bass,restore,0,0,16,-17.63,64.66,-29.83,-24.86,-94.49,1500,68.98,16
44100,bass,restore,2,88,16,-20.38,37.49,-57.00,-54.00,-94.49,1500,41.11,16
44100,bass,restore,5,221,16,-24.52,29.84,-64.65,-60.84,-94.49,1500,31.48,16
44100,bass,restore,10,441,16,-33.69,23.46,-71.01,-68.06,-94.49,1500,25.10,16
44100,bass,restore,20,882,16,-37.51,17.68,-76.76,-73.43,-94.49,1500,19.16,16
44100,bass,restore,50,2205,16,-45.66,9.32,-84.82,-80.75,-94.49,1500,11.15,16
44100,kick,invert,0,0,12,-16.85,75.03,-28.01,-25.37,-96.32,1000,70.96,12
44100,kick,invert,2,88,12,-19.20,47.64,-52.08,-49.94,-96.32,1000,47.60,12
44100,kick,invert,5,221,12,-22.91,39.66,-60.17,-59.61,-96.32,1000,35.79,12
44100,kick,invert,10,441,12,-29.35,33.93,-65.89,-63.42,-96.32,1000,29.77,12
44100,kick,invert,20,882,12,-36.34,27.68,-72.03,-69.91,-96.32,1000,23.73,12
44100,kick,invert,50,2205,12,-45.08,19.28,-80.31,-79.37,-96.32,1000,15.78,12
44100,kick,restore,0,0,12,-16.85,75.03,-28.01,-25.37,-96.32,1000,70.96,12
44100,kick,restore,2,88,12,-19.20,47.64,-52.08,-49.94,-96.32,1000,47.60,12
44100,kick,restore,5,221,12,-22.91,39.66,-60.17,-59.61,-96.32,1000,35.79,12
44100,kick,restore,10,441,12,-29.35,33.93,-65.89,-63.42,-96.32,1000,29.77,12
44100,kick,restore,20,882,12,-36.34,27.68,-72.03,-69.91,-96.32,1000,23.73,12
44100,kick,restore,50,2205,12,-45.08,19.28,-80.31,-79.37,-96.32,1000,15.78,12
44100,mix,invert,0,0,24,-18.91,-18.76,,,,,,
44100,mix,invert,2,88,24,-21.54,-35.72,,,,,,
44100,mix,invert,5,221,24,-25.00,-46.22,,,,,,
44100,mix,invert,10,441,24,-32.12,-51.43,,,,,,
44100,mix,invert,20,882,24,-37.35,-57.34,,,,,,
44100,mix,invert,50,2205,24,-45.93,-65.34,,,,,,
44100,mix,restore,0,0,24,-18.91,-18.76,,,,,,
44100,mix,restore,2,88,24,-21.54,-35.72,,,,,,
44100,mix,restore,5,221,24,-25.00,-46.22,,,,,,
44100,mix,restore,10,441,24,-32.12,-51.43,,,,,,
44100,mix,restore,20,882,24,-37.35,-57.34,,,,,,
44100,mix,restore,50,2205,24,-45.93,-65.34,,,,,,
48000,bass,invert,0,0,16,-17.99,64.22,-30.25,-24.58,-94.48,1500,68.35,16
48000,bass,invert,2,96,16,-20.73,36.95,-57.52,-54.17,-94.48,1500,41.01,16
48000,bass,invert,5,240,16,-24.69,29.64,-64.84,-60.56,-94.48,1500,32.29,16
48000,bass,invert,10,480,16,-33.90,23.15,-71.31,-67.85,-94.48,1500,24.29,16
48000,bass,invert,20,960,16,-37.81,17.11,-77.29,-73.34,-94.48,1500,18.81,16
48000,bass,invert,50,2400,16,-45.59,9.45,-84.64,-80.10,-94.48,1500,10.92,16
48000,bass,restore,0,0,16,-17.99,64.22,-30.25,-24.58,-94.48,1500,68.35,16
48000,bass,restore,2,96,16,-20.73,36.95,-57.52,-54.17,-94.48,1500,41.01,16
48000,bass,restore,5,240,16,-24.69,29.64,-64.84,-60.56,-94.48,1500,32.29,16
48000,bass,restore,10,480,16,-33.90,23.15,-71.31,-67.85,-94.48,1500,24.29,16
48000,bass,restore,20,960,16,-37.81,17.11,-77.29,-73.34,-94.48,1500,18.81,16
48000,bass,restore,50,2400,16,-45.59,9.45,-84.64,-80.10,-94.48,1500,10.92,16
48000,kick,invert,0,0,12,-17.14,79.19,-28.46,-25.59,-100.98,1000,69.97,12
48000,kick,invert,2,96,12,-19.47,51.83,-52.50,-49.89,-100.98,1000,47.38,12
48000,kick,invert,5,240,12,-23.03,44.19,-60.28,-59.75,-100.98,1000,35.41,12
48000,kick,invert,10,480,12,-29.44,38.22,-66.20,-63.37,-100.98,1000,29.22,12
48000,kick,invert,20,960,12,-36.42,32.03,-72.31,-69.86,-100.98,1000,23.09,12
48000,kick,invert,50,2400,12,-45.07,23.74,-80.49,-79.69,-100.98,1000,15.11,12
48000,kick,restore,0,0,12,-17.14,79.19,-28.46,-25.59,-100.98,1000,69.97,12
48000,kick,restore,2,96,12,-19.47,51.83,-52.50,-49.89,-100.98,1000,47.38,12
48000,kick,restore,5,240,12,-23.03,44.19,-60.28,-59.75,-100.98,1000,35.41,12
48000,kick,restore,10,480,12,-29.44,38.22,-66.20,-63.37,-100.98,1000,29.22,12
48000,kick,restore,20,960,12,-36.42,32.03,-72.31,-69.86,-100.98,1000,23.09,12
48000,kick,restore,50,2400,12,-45.07,23.74,-80.49,-79.69,-100.98,1000,15.11,12
48000,mix,invert,0,0,24,-18.10,-16.46,,,,,,
48000,mix,invert,2,96,24,-19.96,-35.68,,,,,,
48000,mix,invert,5,240,24,-23.82,-45.58,,,,,,
48000,mix,invert,10,480,24,-31.82,-50.79,,,,,,
48000,mix,invert,20,960,24,-36.90,-56.41,,,,,,
48000,mix,invert,50,2400,24,-45.78,-64.50,,,,,,
48000,mix,restore,0,0,24,-18.10,-16.46,,,,,,
48000,mix,restore,2,96,24,-19.96,-35.68,,,,,,
48000,mix,restore,5,240,24,-23.82,-45.58,,,,,,
48000,mix,restore,10,480,24,-31.82,-50.79,,,,,,
48000,mix,restore,20,960,24,-36.90,-56.41,,,,,,
48000,mix,restore,50,2400,24,-45.78,-64.50,,,,,,
88200,bass,invert,0,0,16,-17.97,63.62,-30.90,-25.21,-94.52,1500,68.77,16
88200,bass,invert,2,176,16,-20.70,36.89,-57.62,-53.89,-94.52,1500,41.36,16
88200,bass,invert,5,441,16,-24.63,29.89,-64.63,-60.86,-94.52,1500,31.63,16
88200,bass,invert,10,882,16,-33.79,23.54,-70.97,-68.16,-94.52,1500,25.07,16
88200,bass,invert,20,1764,16,-37.66,17.17,-77.29,-73.52,-94.52,1500,19.05,16
88200,bass,invert,50,4410,16,-45.94,8.45,-85.65,-80.96,-94.52,1500,11.12,16
88200,bass,restore,0,0,16,-17.97,63.62,-30.90,-25.21,-94.52,1500,68.77,16
88200,bass,restore,2,176,16,-20.70,36.89,-57.62,-53.89,-94.52,1500,41.36,16
88200,bass,restore,5,441,16,-24.63,29.89,-64.63,-60.86,-94.52,1500,31.63,16
88200,bass,restore,10,882,16,-33.79,23.54,-70.97,-68.16,-94.52,1500,25.07,16
88200,bass,restore,20,1764,16,-37.66,17.17,-77.29,-73.52,-94.52,1500,19.05,16
88200,bass,restore,50,4410,16,-45.94,8.45,-85.65,-80.96,-94.52,1500,11.12,16
88200,kick,invert,0,0,12,-16.76,74.91,-27.99,-25.57,-96.24,1000,70.92,12
88200,kick,invert,2,176,12,-19.06,47.61,-51.98,-49.81,-96.24,1000,47.58,12
88200,kick,invert,5,441,12,-22.82,39.55,-60.16,-59.60,-96.24,1000,35.82,12
88200,kick,invert,10,882,12,-29.33,33.89,-65.81,-63.45,-96.24,1000,29.75,12
88200,kick,invert,20,1764,12,-36.35,27.61,-71.98,-69.84,-96.24,1000,23.71,12
88200,kick,invert,50,4410,12,-45.10,19.16,-80.28,-79.41,-96.24,1000,15.77,12
88200,kick,restore,0,0,12,-16.76,74.91,-27.99,-25.57,-96.24,1000,70.92,12
88200,kick,restore,2,176,12,-19.06,47.61,-51.98,-49.81,-96.24,1000,47.58,12
88200,kick,restore,5,441,12,-22.82,39.55,-60.16,-59.60,-96.24,1000,35.82,12
88200,kick,restore,10,882,12,-29.33,33.89,-65.81,-63.45,-96.24,1000,29.75,12
88200,kick,restore,20,1764,12,-36.35,27.61,-71.98,-69.84,-96.24,1000,23.71,12
88200,kick,restore,50,4410,12,-45.10,19.16,-80.28,-79.41,-96.24,1000,15.77,12
88200,mix,invert,0,0,24,-18.40,-16.29,,,,,,
88200,mix,invert,2,176,24,-21.26,-36.18,,,,,,
88200,mix,invert,5,441,24,-23.61,-45.66,,,,,,
88200,mix,invert,10,882,24,-31.75,-50.87,,,,,,
88200,mix,invert,20,1764,24,-37.04,-56.75,,,,,,
88200,mix,invert,50,4410,24,-45.72,-64.67,,,,,,
88200,mix,restore,0,0,24,-18.40,-16.29,,,,,,
88200,mix,restore,2,176,24,-21.26,-36.18,,,,,,
88200,mix,restore,5,441,24,-23.61,-45.66,,,,,,
88200,mix,restore,10,882,24,-31.75,-50.87,,,,,,
88200,mix,restore,20,1764,24,-37.04,-56.75,,,,,,
88200,mix,restore,50,4410,24,-45.72,-64.67,,,,,,
96000,bass,invert,0,0,16,-18.25,63.70,-30.74,-24.75,-94.45,1500,68.30,16
96000,bass,invert,2,192,16,-20.78,36.78,-57.66,-54.30,-94.45,1500,40.39,16
96000,bass,invert,5,480,16,-24.73,29.47,-64.97,-60.70,-94.45,1500,32.22,16
96000,bass,invert,10,960,16,-33.99,23.12,-71.31,-67.93,-94.45,1500,24.23,16
96000,bass,invert,20,1920,16,-37.89,16.91,-77.45,-73.98,-94.45,1500,18.40,16
96000,bass,invert,50,4800,16,-45.66,9.17,-84.87,-80.18,-94.45,1500,10.87,16
96000,bass,restore,0,0,16,-18.25,63.70,-30.74,-24.75,-94.45,1500,68.30,16
96000,bass,restore,2,192,16,-20.78,36.78,-57.66,-54.30,-94.45,1500,40.39,16
96000,bass,restore,5,480,16,-24.73,29.47,-64.97,-60.70,-94.45,1500,32.22,16
96000,bass,restore,10,960,16,-33.99,23.12,-71.31,-67.93,-94.45,1500,24.23,16
96000,bass,restore,20,1920,16,-37.89,16.91,-77.45,-73.98,-94.45,1500,18.40,16
96000,bass,restore,50,4800,16,-45.66,9.17,-84.87,-80.18,-94.45,1500,10.87,16
96000,kick,invert,0,0,12,-17.18,79.07,-28.47,-25.71,-100.92,1000,69.62,12
96000,kick,invert,2,192,12,-19.46,51.83,-52.41,-49.86,-100.92,1000,48.08,12
96000,kick,invert,5,480,12,-23.04,44.08,-60.30,-59.72,-100.92,1000,35.43,12
96000,kick,invert,10,960,12,-29.55,38.17,-66.16,-63.46,-100.92,1000,28.91,12
96000,kick,invert,20,1920,12,-36.52,31.97,-72.29,-69.85,-100.92,1000,22.75,12
96000,kick,invert,50,4800,12,-45.14,23.64,-80.49,-79.76,-100.92,1000,14.93,12
96000,kick,restore,0,0,12,-17.18,79.07,-28.47,-25.71,-100.92,1000,69.62,12
96000,kick,restore,2,192,12,-19.46,51.83,-52.41,-49.86,-100.92,1000,48.08,12
96000,kick,restore,5,480,12,-23.04,44.08,-60.30,-59.72,-100.92,1000,35.43,12
96000,kick,restore,10,960,12,-29.55,38.17,-66.16,-63.46,-100.92,1000,28.91,12
96000,kick,restore,20,1920,12,-36.52,31.97,-72.29,-69.85,-100.92,1000,22.75,12
96000,kick,restore,50,4800,12,-45.14,23.64,-80.49,-79.76,-100.92,1000,14.93,12
96000,mix,invert,0,0,24,-18.75,-16.29,,,,,,
96000,mix,invert,2,192,24,-21.11,-34.91,,,,,,
96000,mix,invert,5,480,24,-24.85,-45.65,,,,,,
96000,mix,invert,10,960,24,-32.20,-50.48,,,,,,
96000,mix,invert,20,1920,24,-37.92,-55.70,,,,,,
96000,mix,invert,50,4800,24,-45.86,-63.72,,,,,,
96000,mix,restore,0,0,24,-18.75,-16.29,,,,,,
96000,mix,restore,2,192,24,-21.11,-34.91,,,,,,
96000,mix,restore,5,480,24,-24.85,-45.65,,,,,,
96000,mix,restore,10,960,24,-32.20,-50.48,,,,,,
96000,mix,restore,20,1920,24,-37.92,-55.70,,,,,,
96000,mix,restore,50,4800,24,-45.86,-63.72,,,,,,
