file	ch	bits	rate	frames	identical	diff_frames	max_abs_diff_lsb	neg_identical	l_silent	r_silent	blocks	blocks_eq	blocks_silent	blocks_eq_active	first_diff_frame	last_diff_frame	side_over_mid_db	scan_ms_identical_check
BASS_1.wav	2	24	44100	3471121	false	641104	1241430	false	false	false	27119	22057	21765	292	2788657	3437757	-24.2	8.51
BASS_2.wav	2	24	44100	4093713	true	0	0	false	false	false	31983	31983	29754	2229	-1	0	-inf	12.53
BASS_3.wav	2	24	44100	6092561	true	0	0	false	false	false	47599	47599	25035	22564	-1	0	-inf	18.39
BV_S_1.wav	2	24	44100	3962641	false	1439855	7476354	false	true	false	30959	19703	19703	0	505301	3942165	0.0	1.53
BV_S_12.wav	2	24	44100	4749073	false	20975	3288935	false	false	false	37103	36932	36931	1	1787189	4735927	-13.2	5.39
BV_S_13.wav	2	24	44100	1832721	true	0	0	false	false	false	14319	14319	14152	167	-1	0	-inf	5.52
BV_S_14.wav	2	24	44100	1799953	true	0	0	false	false	false	14063	14063	13710	353	-1	0	-inf	5.42
BV_S_15.wav	2	24	44100	3471121	false	389241	10975626	false	false	false	27119	24066	24066	0	474405	3439992	-0.6	1.43
BV_S_16.wav	2	24	44100	6059793	true	0	0	false	false	false	47343	47343	46101	1242	-1	0	-inf	18.29
BV_S_17.wav	2	24	44100	2815761	true	0	0	false	false	false	21999	21999	21535	464	-1	0	-inf	8.49
BV_S_18.wav	2	24	44100	5404433	false	125883	4232895	false	false	false	42223	41211	41035	176	804238	5393796	-10.5	2.42
BV_S_19.wav	2	24	44100	6059793	true	0	0	false	false	false	47343	47343	42770	4573	-1	0	-inf	18.25
BV_S_2.wav	2	24	44100	3962641	false	1439946	7476355	false	false	true	30959	19704	19704	0	501909	3938751	0.0	1.61
BV_S_21.wav	2	24	44100	6061952	false	583611	7476355	false	false	true	47359	42792	42792	0	2035386	6045092	0.0	6.14
BV_S_22.wav	2	24	44100	6061952	false	580631	7476355	false	false	true	47359	42816	42816	0	2035386	6045092	0.0	6.16
BV_S_23.wav	2	24	44100	6061952	false	580635	7476355	false	true	false	47359	42816	42816	0	2035386	6045092	0.0	6.14
BV_S_25.wav	2	24	44100	6061952	false	580645	7476354	false	false	true	47359	42816	42816	0	2035386	6045092	0.0	6.14
BV_S_26.wav	2	24	44100	6061952	false	581213	7476355	false	false	true	47359	42811	42811	0	2035386	6045092	0.0	7.07
BV_S_27.wav	2	24	44100	6061952	false	580878	7476354	false	true	false	47359	42814	42814	0	2035386	6045092	0.0	6.13
BV_S_28.wav	2	24	44100	6258560	false	1475962	7476355	false	false	true	48895	37357	37357	0	1811494	6228288	0.0	5.45
BV_S_29.wav	2	24	44100	3438353	true	0	0	false	false	false	26863	26863	21706	5157	-1	0	-inf	10.35
BV_S_3.wav	2	24	44100	4749073	true	0	0	false	false	false	37103	37103	32304	4799	-1	0	-inf	14.35
BV_S_30.wav	2	24	44100	6258560	false	1475955	7476355	false	true	false	48895	37357	37357	0	1811497	6228288	0.0	5.45
BV_S_31.wav	2	24	44100	6258560	false	1476508	7476355	false	false	true	48895	37352	37352	0	1811493	6228288	0.0	5.46
BV_S_33.wav	2	24	44100	6258560	false	1478076	7476355	false	false	true	48895	37338	37338	0	1811493	6228288	0.0	5.45
BV_S_35.wav	2	24	44100	4749073	false	406995	9971163	false	false	false	37103	33922	33922	0	4315016	4722092	-0.3	13.01
BV_S_36.wav	2	24	44100	6092561	false	181712	7476354	false	true	false	47599	46170	46170	0	1808987	6065354	0.0	5.45
BV_S_37.wav	2	24	44100	5961489	true	0	0	false	false	false	46575	46575	44268	2307	-1	0	-inf	18.07
BV_S_38.wav	2	24	44100	6092561	false	181719	7476354	false	false	true	47599	46170	46170	0	1808987	6065354	0.0	5.44
BV_S_39.wav	2	24	44100	6092561	false	181726	7476355	false	true	false	47599	46170	46170	0	1808987	6065354	0.0	5.44
BV_S_4.wav	2	24	44100	6092561	false	181731	7476354	false	false	true	47599	46170	46170	0	1808988	6065357	0.0	5.44
BV_S_40.wav	2	24	44100	5437201	false	97456	6145716	false	false	false	42479	41707	41707	0	1811003	5418104	-3.0	5.45
BV_S_41.wav	2	24	44100	6027025	false	359675	117052	false	false	false	47087	44209	44200	9	1831846	5995470	-40.1	5.52
BV_S_43.wav	2	24	44100	6061952	false	583183	7476356	false	true	false	47359	42796	42796	0	2035386	6045092	0.0	6.12
BV_S_44.wav	2	24	44100	6059793	false	1810954	10250749	false	false	false	47343	33185	33185	0	1730118	6045088	-2.8	5.20
BV_S_45.wav	2	24	44100	5928721	false	122584	1516803	false	false	false	46319	45349	45349	0	1994406	5919957	-21.5	6.05
BV_S_7.wav	2	24	44100	6062080	false	936234	7476355	false	true	false	47360	40043	40043	0	2462825	6045088	0.0	7.40
BV_S_9.wav	2	24	44100	3438353	true	0	0	false	false	false	26863	26863	21706	5157	-1	0	-inf	10.35
DRUMS.wav	2	24	44100	6059793	false	941924	9382880	false	false	false	47343	39611	39611	0	4748304	6045092	-3.2	14.28
DRUMS_10.wav	2	24	44100	4028177	true	0	0	false	false	false	31471	31471	29841	1630	-1	0	-inf	12.12
DRUMS_11.wav	2	24	44100	6059793	false	862840	36	false	false	false	47343	39450	39436	14	4742447	6050045	-103.0	14.27
DRUMS_12.wav	2	24	44100	3995409	false	80752	1943880	false	false	false	31215	30564	30564	0	3480508	3989671	-15.5	10.47
DRUMS_14.wav	2	24	44100	2750225	true	0	0	false	false	false	21487	21487	19176	2311	-1	0	-inf	8.27
DRUMS_15.wav	2	24	44100	6027025	false	180040	2253388	false	false	false	47087	45626	45626	0	1831689	6026949	-19.1	5.54
DRUMS_16.wav	2	24	44100	5994257	false	181523	5198967	false	false	false	46831	45382	45381	1	1831652	5990585	-8.3	5.53
DRUMS_17.wav	2	24	44100	5961489	false	270580	4423740	false	false	false	46575	44433	44433	0	1872552	5954896	-8.0	5.75
DRUMS_18.wav	2	24	44100	5961489	false	270216	237484	false	false	false	46575	44419	44419	0	419714	5953436	-47.9	1.27
DRUMS_19.wav	2	24	44100	6059793	false	130138	6447964	false	false	false	47343	46304	46304	0	1770785	6040516	-3.1	5.33
DRUMS_2.wav	2	24	44100	3995409	false	174067	176968	false	false	false	31215	29765	29453	312	3439800	3977489	-41.7	10.36
DRUMS_20.wav	2	24	44100	6059793	false	643147	3879654	false	false	false	47343	41873	41869	4	1811503	6042849	-9.1	5.45
DRUMS_22.wav	2	24	44100	3471121	false	74475	1585222	false	false	false	27119	26531	26531	0	768358	3443956	-31.7	2.31
DRUMS_23.wav	2	24	44100	3995409	false	321714	597	false	false	false	31215	26729	26729	0	508847	3973939	-88.5	1.53
DRUMS_24.wav	2	24	44100	6059793	false	109917	2268616	false	false	false	47343	46455	44190	2265	1831847	5988104	-21.9	5.51
DRUMS_25.wav	2	24	44100	2750225	false	407606	8441969	false	false	false	21487	17806	17806	0	1821698	2747777	-0.3	5.49
DRUMS_26.wav	2	24	44100	489233	false	180768	5660115	false	false	false	3823	2375	2375	0	183185	473226	-16.8	0.55
DRUMS_6.wav	2	24	44100	849681	false	35395	4125508	false	false	false	6639	6360	6360	0	814156	849678	-8.4	2.45
DRUMS_8.wav	2	24	44100	3995409	false	240668	8597820	false	false	false	31215	29082	29082	0	524112	3972615	-5.4	1.58
DRUMS_9.wav	2	24	44100	6059793	false	2294390	5568	false	false	false	47343	27822	27822	0	1811494	6043395	-73.2	5.45
FX_1.wav	2	24	44100	6059793	false	905102	4371424	false	false	false	47343	40157	40153	4	1630110	6045092	-9.1	4.90
FX_10.wav	2	24	44100	1144593	false	9561	420175	false	false	false	8943	8842	8791	51	1099031	1118422	-35.7	3.31
FX_11.wav	2	24	44100	1144593	false	45787	7359535	false	false	false	8943	8584	8584	0	1087724	1133518	-0.3	3.28
FX_12.wav	2	24	44100	1144593	false	40702	6626543	false	false	false	8943	8624	8624	0	1078331	1119037	-2.0	3.24
FX_13.wav	2	24	44100	4749073	false	802070	6844692	false	false	false	37103	30767	30767	0	1385841	4722078	-6.9	4.17
FX_14.wav	2	24	44100	1177361	false	42340	5636942	false	false	false	9199	8867	8867	0	1117410	1159780	-8.4	3.48
FX_17.wav	2	24	44100	194321	false	41053	8762883	false	false	false	1519	1196	1196	0	142030	183186	-2.5	0.43
FX_2.wav	2	24	44100	4486929	false	410920	9185891	false	false	false	35055	31842	31842	0	4075859	4486928	0.0	12.30
FX_3.wav	2	24	44100	4683537	false	969014	6718794	false	false	false	36591	28991	28991	0	2788477	4661025	-0.8	8.43
FX_7.wav	2	24	44100	1177361	true	0	0	false	false	false	9199	9199	9036	163	-1	0	-inf	3.54
FX_8.wav	2	24	44100	6059793	false	511810	8806788	false	false	false	47343	43310	43310	0	492288	6045061	2.3	1.48
FX_9.wav	2	24	44100	1144593	true	0	0	false	false	false	8943	8943	8558	385	-1	0	-inf	3.46
GUITAR_1.wav	2	24	44100	1898257	true	0	0	false	false	false	14831	14831	9205	5626	-1	0	-inf	5.72
INTRO FX_1.wav	2	24	44100	522001	true	0	0	false	false	false	4079	4079	946	3133	-1	0	-inf	1.57
LEAD VOX_1.wav	2	24	44100	4749073	true	0	0	false	false	false	37103	37103	32295	4808	-1	0	-inf	14.52
SYNTH.wav	2	24	44100	4749073	false	822377	8048984	false	false	false	37103	30660	30660	0	3897800	4722339	-2.5	11.78
SYNTH_1.wav	2	24	44100	4749073	false	1281228	664032	false	false	false	37103	27084	27082	2	3440123	4722342	-24.0	10.35
SYNTH_2.wav	2	24	44100	4749073	false	631177	12194460	false	false	false	37103	32170	32170	0	4091123	4722337	0.6	12.40
SYNTH_4.wav	2	24	44100	6059793	false	656448	6115270	false	false	false	47343	42147	42147	0	5393776	6059765	-0.1	16.36
SYNTH_5.wav	2	24	44100	4749073	false	630968	9566673	false	false	false	37103	32172	32172	0	4091130	4722102	1.4	12.31
SYNTH_6.wav	2	24	44100	4093713	false	1206977	7476332	false	false	false	31983	21978	21978	0	1162429	4071289	-6.2	3.50
SYNTH_8.wav	2	24	44100	4093713	false	1167155	6284932	false	false	false	31983	22122	22120	2	1160204	4070936	-12.2	3.49
VOCAL FX_1.wav	2	24	44100	1111825	false	149613	4106785	false	false	false	8687	7515	7515	0	770627	1088555	-9.4	2.32
