dogfood tracks 81, bit-identical dual mono 18
fixture64	Simd8	console	round=1	p50_ns=129226	p10_ns=125629	p90_ns=134496	mean_ns=129434	digest=d11c99859c75fd48	shape=[8, 48]	collapse=[0, 0]
fixture64	Simd8	mono	round=1	p50_ns=73590	p10_ns=71817	p90_ns=76907	mean_ns=73918	digest=a68443caa8283267	shape=[8, 48]	collapse=[28512, 8]
fixture64	Simd8	mono_dual	round=1	p50_ns=129987	p10_ns=126391	p90_ns=135027	mean_ns=130198	digest=a68443caa8283267	shape=[8, 48]	collapse=[0, 8]
fixture64	Simd8	half_mono	round=1	p50_ns=104248	p10_ns=101553	p90_ns=108517	mean_ns=104596	digest=5919e0f5f5e215d7	shape=[8, 48]	collapse=[14256, 4]
fixture64	Simd8	mono_noseam	round=1	p50_ns=72919	p10_ns=71165	p90_ns=75564	mean_ns=73189	digest=164b5a70c0602ad0	shape=[8, 48]	collapse=[28512, 8]
fixture64	Simd8	console	round=2	p50_ns=129076	p10_ns=125459	p90_ns=133985	mean_ns=128947	digest=d11c99859c75fd48	shape=[8, 48]	collapse=[0, 0]
fixture64	Simd8	mono	round=2	p50_ns=73470	p10_ns=71687	p90_ns=76726	mean_ns=73599	digest=a68443caa8283267	shape=[8, 48]	collapse=[52512, 8]
fixture64	Simd8	mono_dual	round=2	p50_ns=129877	p10_ns=126290	p90_ns=134746	mean_ns=129763	digest=a68443caa8283267	shape=[8, 48]	collapse=[0, 8]
fixture64	Simd8	half_mono	round=2	p50_ns=104088	p10_ns=101343	p90_ns=108025	mean_ns=104184	digest=5919e0f5f5e215d7	shape=[8, 48]	collapse=[26256, 4]
fixture64	Simd8	mono_noseam	round=2	p50_ns=72788	p10_ns=71056	p90_ns=76075	mean_ns=72949	digest=164b5a70c0602ad0	shape=[8, 48]	collapse=[52512, 8]
dogfood81_builtins	Simd8	as_is_dual_mono_declared_stereo	round=1	p50_ns=30989	p10_ns=30348	p90_ns=31570	mean_ns=31223	digest=a3bb6a6a84917779	shape=[11, 33]	collapse=[0, 0]
dogfood81_builtins	Simd8	folded_collapse	round=1	p50_ns=33453	p10_ns=32702	p90_ns=34275	mean_ns=33715	digest=a3bb6a6a84917779	shape=[11, 33]	collapse=[10692, 3]
dogfood81_builtins	Simd8	folded_forced_off	round=1	p50_ns=36168	p10_ns=35568	p90_ns=36810	mean_ns=36502	digest=a3bb6a6a84917779	shape=[11, 33]	collapse=[0, 3]
dogfood81_builtins	Simd8	folded_noseam	round=1	p50_ns=33894	p10_ns=33214	p90_ns=34545	mean_ns=34149	digest=4cc24dc04a4b8772	shape=[11, 33]	collapse=[10692, 3]
dogfood81_builtins	Simd8	folded_remainder_collapse	round=1	p50_ns=32883	p10_ns=32071	p90_ns=33954	mean_ns=33198	digest=a3bb6a6a84917779	shape=[11, 33]	collapse=[7128, 2]
dogfood81_builtins	Simd8	folded_remainder_forced_off	round=1	p50_ns=35107	p10_ns=34536	p90_ns=35768	mean_ns=35437	digest=a3bb6a6a84917779	shape=[11, 33]	collapse=[0, 2]
dogfood81_builtins	Simd8	as_is_dual_mono_declared_stereo	round=2	p50_ns=31099	p10_ns=30368	p90_ns=31710	mean_ns=31480	digest=a3bb6a6a84917779	shape=[11, 33]	collapse=[0, 0]
dogfood81_builtins	Simd8	folded_collapse	round=2	p50_ns=33564	p10_ns=32802	p90_ns=34596	mean_ns=34091	digest=a3bb6a6a84917779	shape=[11, 33]	collapse=[19692, 3]
dogfood81_builtins	Simd8	folded_forced_off	round=2	p50_ns=36279	p10_ns=35608	p90_ns=37160	mean_ns=36851	digest=a3bb6a6a84917779	shape=[11, 33]	collapse=[0, 3]
dogfood81_builtins	Simd8	folded_noseam	round=2	p50_ns=34025	p10_ns=33244	p90_ns=34817	mean_ns=34564	digest=4cc24dc04a4b8772	shape=[11, 33]	collapse=[19692, 3]
dogfood81_builtins	Simd8	folded_remainder_collapse	round=2	p50_ns=33033	p10_ns=32181	p90_ns=34165	mean_ns=33541	digest=a3bb6a6a84917779	shape=[11, 33]	collapse=[13128, 2]
dogfood81_builtins	Simd8	folded_remainder_forced_off	round=2	p50_ns=35227	p10_ns=34566	p90_ns=35979	mean_ns=35756	digest=a3bb6a6a84917779	shape=[11, 33]	collapse=[0, 2]
dogfood81_strip	Simd8	as_is_dual_mono_declared_stereo	round=1	p50_ns=169242	p10_ns=164703	p90_ns=174963	mean_ns=169457	digest=58a7dc2477b23056	shape=[12, 63]	collapse=[0, 0]
dogfood81_strip	Simd8	folded_collapse	round=1	p50_ns=224507	p10_ns=218005	p90_ns=230810	mean_ns=224574	digest=58a7dc2477b23056	shape=[13, 60]	collapse=[10692, 3]
dogfood81_strip	Simd8	folded_forced_off	round=1	p50_ns=238314	p10_ns=231390	p90_ns=244837	mean_ns=238467	digest=58a7dc2477b23056	shape=[13, 60]	collapse=[0, 3]
dogfood81_strip	Simd8	folded_noseam	round=1	p50_ns=223616	p10_ns=217103	p90_ns=229878	mean_ns=223655	digest=24039e896e034357	shape=[13, 60]	collapse=[10692, 3]
dogfood81_strip	Simd8	folded_remainder_collapse	round=1	p50_ns=160205	p10_ns=156027	p90_ns=165746	mean_ns=160505	digest=58a7dc2477b23056	shape=[12, 63]	collapse=[7128, 2]
dogfood81_strip	Simd8	folded_remainder_forced_off	round=1	p50_ns=173290	p10_ns=168621	p90_ns=179081	mean_ns=173570	digest=58a7dc2477b23056	shape=[12, 63]	collapse=[0, 2]
dogfood81_strip	Simd8	as_is_dual_mono_declared_stereo	round=2	p50_ns=169272	p10_ns=164764	p90_ns=174974	mean_ns=169625	digest=58a7dc2477b23056	shape=[12, 63]	collapse=[0, 0]
dogfood81_strip	Simd8	folded_collapse	round=2	p50_ns=224548	p10_ns=218006	p90_ns=230869	mean_ns=224748	digest=58a7dc2477b23056	shape=[13, 60]	collapse=[19692, 3]
dogfood81_strip	Simd8	folded_forced_off	round=2	p50_ns=238364	p10_ns=231421	p90_ns=244816	mean_ns=238587	digest=58a7dc2477b23056	shape=[13, 60]	collapse=[0, 3]
dogfood81_strip	Simd8	folded_noseam	round=2	p50_ns=223666	p10_ns=217214	p90_ns=230008	mean_ns=223922	digest=24039e896e034357	shape=[13, 60]	collapse=[19692, 3]
dogfood81_strip	Simd8	folded_remainder_collapse	round=2	p50_ns=160265	p10_ns=156107	p90_ns=166146	mean_ns=160820	digest=58a7dc2477b23056	shape=[12, 63]	collapse=[13128, 2]
dogfood81_strip	Simd8	folded_remainder_forced_off	round=2	p50_ns=173330	p10_ns=168721	p90_ns=179021	mean_ns=173718	digest=58a7dc2477b23056	shape=[12, 63]	collapse=[0, 2]
