raw_sha256	gzip_sha256	raw_bytes	gzip_bytes	gzip_path
e23b8dfb9baf6c418c507663e20ef977379f410c8ef9519e1d2674af5b008894	76ccfc647c3b38c76d76a306d2e580f97aa74e4b923a43cd0d4c96b4d4f17dac	218089	53102	artifacts/issue539-attempt1-review/astra-medium-attempt1.stderr.gz
ce21494c0ee493f753f13436163416324361d22924fa5a8b44eb734169a6e0b8	221fccdb33fdbfe3af507286448baee31d9014af1b11232f6356c0838cd394e9	152400	35473	artifacts/issue539-baseline/astra-medium-baseline.stderr.gz
9d335d63b71ee314c00f1bef0bff7a2fe3c5191d3ca6a572e7a4b7251c2255ca	62b3388209e4a6275f582326ff72ef3f177dc48b50dd1d865f798a8a84de4d4e	1667622	118737	artifacts/issue539-candidate-lowering/simd128-limiter-production-func-755.wat.txt.gz
b4077931e16a6af17351627f434d4e99dbd9ccd23c4bc3ad0c0107e3eee9f667	90e00c95a827e6fafd0601811c333f99b284d2bb5c53f474440f87c4d6842eca	733151	64035	artifacts/issue539-candidate-lowering/simd128-limiter-production-func-756.wat.txt.gz
1ce0bd42d9d9435ba836b4401e188753a322a20909e13cc0b52c8ba84136f41b	f2d90bed4568c3d525ef559216b1e51690e8b08ca641455f467d77a851bc3b2d	3196264	149941	artifacts/issue539-candidate-lowering/simd128-limiter-production-func-757.wat.txt.gz
98c1b663bcf86b487fc425f0802b6a764826739d01dd94a69fb5c5d137c54359	53d4597133bfcd680bc226449ff8ae724a95188d0a61c6ace9682ab5690e475b	4419	941	artifacts/issue539-candidate-lowering/simd128-limiter-production-func-767.wat.txt.gz
253bb4abcc4e78056968d7ef18255823444725d2af528052e0c32f026fffb3fa	1b87ee1545e9ad3b917607e52f3b34ea009db2a1692fbfb7e091940dbfee3dab	463	221	artifacts/issue539-luna-attempt1/attempt1-allocation-mono-release.stdout.gz
396649b715bfd95db88eeb1df46fd1017d03852d79f60652ce225a670c98d19d	ad613c2c9c08558d724e3ace7952d69b7568a230df08eb746ae39ea7576be7e1	3972	1323	artifacts/issue539-luna-attempt1/attempt1-full-suite.stdout.gz
097067a4e8a9cc64823f657b2cdf301bd51f05b410ac9076d8211f962e0b41fb	59c5b31eab138b92776c534f86da10735cd6ce65b83774711bd452ea3d3ff73d	226	160	artifacts/issue539-luna-attempt1/attempt1-luna3-allocation-cfgtest.stdout.gz
097067a4e8a9cc64823f657b2cdf301bd51f05b410ac9076d8211f962e0b41fb	59c5b31eab138b92776c534f86da10735cd6ce65b83774711bd452ea3d3ff73d	226	160	artifacts/issue539-luna-attempt1/attempt1-luna3-allocation-final.stdout.gz
097067a4e8a9cc64823f657b2cdf301bd51f05b410ac9076d8211f962e0b41fb	59c5b31eab138b92776c534f86da10735cd6ce65b83774711bd452ea3d3ff73d	226	160	artifacts/issue539-luna-attempt1/attempt1-luna3-allocation.stdout.gz
65ea8d3b27b85f68b0338acce4765c9be5970a1f6ae394dad971cd291886f7f9	78caeba18f9b2bbf87cfcefea6f9b63acbc96c724157ace1b2f58c1f16c625f7	237	170	artifacts/issue539-luna-attempt1/attempt1-luna3-mono-final.stdout.gz
65ea8d3b27b85f68b0338acce4765c9be5970a1f6ae394dad971cd291886f7f9	78caeba18f9b2bbf87cfcefea6f9b63acbc96c724157ace1b2f58c1f16c625f7	237	170	artifacts/issue539-luna-attempt1/attempt1-luna3-mono.stdout.gz
ce4ae738c333300ca6c23bb286ec8dbadaff187093b0fe41ea801ca9a6302310	68a938b2589ad9aeeb92a0ea2bf10fcb6b96ab575f85a5c2964eaebadb5ec749	202	160	artifacts/issue539-luna-attempt1/attempt1-negative-control-restored-green.stdout.gz
e2de2093a75fab1e61c6c39c672bdd63cc4d4f270b5952432d9dca2d6e70af8d	c494339b88687e7a684f4347b1b599d5b1216f4719332f619c55cc64636a0470	759	392	artifacts/issue539-luna-attempt1/attempt1-negative-control-restored.stdout.gz
fc0f02dccdb85f337c1d8ce79434f6454e5b1d2e5a80268f272f9bbe29cf6a32	93864cd0d704dc1a1abf2c1175e94fa33edec579c82dc9ed79fb9a84fb472bc5	759	392	artifacts/issue539-luna-attempt1/attempt1-negative-control.stdout.gz
6a98cc1875741a51692f39e8d1e42b1afbaf34367052a90251b556c2b3b6f32d	68073e32cc6f54805abf465b3891e2f5801207b90ae1ac7104247e4c8788abae	202	159	artifacts/issue539-luna-attempt1/attempt1-private-release.stdout.gz
ce4ae738c333300ca6c23bb286ec8dbadaff187093b0fe41ea801ca9a6302310	68a938b2589ad9aeeb92a0ea2bf10fcb6b96ab575f85a5c2964eaebadb5ec749	202	160	artifacts/issue539-luna-attempt1/focused-debug-2.stdout.gz
ce4ae738c333300ca6c23bb286ec8dbadaff187093b0fe41ea801ca9a6302310	68a938b2589ad9aeeb92a0ea2bf10fcb6b96ab575f85a5c2964eaebadb5ec749	202	160	artifacts/issue539-luna-attempt1/focused-debug-3.stdout.gz
080110a776fe859354423ceb0a969a7ed68b5210f1a0303b1b4d820c5d370170	f1dedb10f671507ff92091b429d85c95e6bae440c68f20c1d6c3d8086e7c2802	1102754	130829	artifacts/issue539-luna-attempt1/luna-attempt1.stderr.gz
34c8d874ff2b8602bb1476ba6f49654bef5d8a52f51dfc9327851320be725e72	cc3388590898ba7cbed300f6e7156e6844e13a779e3debf0a83220477e3e19ad	329112	44185	artifacts/issue539-luna-attempt1/luna-final-source.stderr.gz
17f06eb45269b1466214ad4a1d4d13f09ba6f62c63980d97dc64a16c79a91bfc	f364330b911af7f3022b15d556ca8af12067f853748377ec9d3c27ea7d784418	2340	746	artifacts/issue539-luna-attempt2/attempt2-fmt-check.stdout.gz
65ea8d3b27b85f68b0338acce4765c9be5970a1f6ae394dad971cd291886f7f9	78caeba18f9b2bbf87cfcefea6f9b63acbc96c724157ace1b2f58c1f16c625f7	237	170	artifacts/issue539-luna-attempt2/attempt2-focused-debug-population.stdout.gz
bc353356d7ea487d310770b8ef22c14a815f4f4d722f83e1f6422a4076c2f8d0	77441aa564f77aaab316608c723e7d4e9749bf96916bc98068f70120f8d2eacf	237	169	artifacts/issue539-luna-attempt2/attempt2-focused-debug.stdout.gz
0cd1f82274f2410fd118a58de7ed55b1af094480e421f0acbff417e2dd2e4eae	a687fc7f86df0feac9233819da49b6dca0b7caf6cb78bba5f3a09ffc900c1cbe	237	171	artifacts/issue539-luna-attempt2/attempt2-focused-release.stdout.gz
65ea8d3b27b85f68b0338acce4765c9be5970a1f6ae394dad971cd291886f7f9	78caeba18f9b2bbf87cfcefea6f9b63acbc96c724157ace1b2f58c1f16c625f7	237	170	artifacts/issue539-luna-attempt2/attempt2-format-mono-debug.stdout.gz
03c07861b2bf37980d716d8f8b77ca4f330eff06d29c3ca0ab59b396c14f9513	4f7ae1c3298a30dbe3a9e04eab4ef752788cbf31474788ec97a594aa2b27c8a2	237	169	artifacts/issue539-luna-attempt2/attempt2-format-mono-release.stdout.gz
ce4ae738c333300ca6c23bb286ec8dbadaff187093b0fe41ea801ca9a6302310	68a938b2589ad9aeeb92a0ea2bf10fcb6b96ab575f85a5c2964eaebadb5ec749	202	160	artifacts/issue539-luna-attempt2/attempt2-format-private-oldbehavior-pathselector-debug.stdout.gz
65ea8d3b27b85f68b0338acce4765c9be5970a1f6ae394dad971cd291886f7f9	78caeba18f9b2bbf87cfcefea6f9b63acbc96c724157ace1b2f58c1f16c625f7	237	170	artifacts/issue539-luna-attempt2/attempt2-mono-debug-final.stdout.gz
03c07861b2bf37980d716d8f8b77ca4f330eff06d29c3ca0ab59b396c14f9513	4f7ae1c3298a30dbe3a9e04eab4ef752788cbf31474788ec97a594aa2b27c8a2	237	169	artifacts/issue539-luna-attempt2/attempt2-mono-release-final.stdout.gz
f7564438c742ad459b27929b9c61555e2cc94e9a313c79fc173dc768fe0e9ab8	988a38ff9df7a8c8970efe1f77b0fe637075b7082c790ca11c831976ea24b41f	449207	83601	artifacts/issue539-luna-attempt2/luna-attempt2.stderr.gz
78af2a9e4d08f0ffe70812568300bb96f95e6020efac121c283457e1b9c80e3b	4c617cc75b48057d8f58578d9b0c8e820397da9c0dcbdec1a361192c9f4362d4	186302	48752	artifacts/issue539-luna-attempt2/luna-format.stderr.gz
